user_id,username,email,phone,created_at
1,trang.ho549,trang.ho549@outlook.com.vn,0906898165,2024-10-04 04:27:06
2,ngo_k_nam29,ngo_k_nam29@fpt.edu.vn,0357188155,2024-06-26 04:45:16
3,leducbinh36,leducbinh36@outlook.com.vn,0777205662,2024-04-02 22:02:35
4,phamminhhai23,phamminhhai23@yahoo.com,0973924788,2025-10-14 11:58:06
5,hoang_h_linh89,hoang_h_linh89@hotmail.com,0916683147,2025-11-17 04:47:18
6,binh.phan319,binh.phan319@yahoo.com,0978308618,2024-11-07 11:57:17
7,vokhanhnam55,vokhanhnam55@hotmail.com,0869043409,2025-04-25 04:10:07
8,mai.hoang817,mai.hoang817@outlook.com.vn,0707899518,2024-12-07 09:20:06
9,huynh_c_kien17,huynh_c_kien17@outlook.com.vn,0701887221,2025-11-16 03:24:32
10,nguyen_t_yen77,nguyen_t_yen77@gmail.com,0703307218,2024-05-27 08:24:36
11,leminhyen35,leminhyen35@gmail.com,0974068717,2025-09-03 12:47:36
12,le_c_linh40,le_c_linh40@gmail.com,0911330513,2025-09-12 03:26:22
13,duongvantrang53,duongvantrang53@gmail.com,0772252868,2024-12-13 18:37:02
14,tranducquynh37,tranducquynh37@outlook.com.vn,0352624780,2024-02-27 03:29:19
15,huynh_d_huong30,huynh_d_huong30@hotmail.com,0350876632,2025-02-13 22:12:45
16,hoang_d_vy90,hoang_d_vy90@hotmail.com,0963999267,2024-04-22 07:28:33
17,hung.phan967,hung.phan967@yahoo.com,0989837889,2024-11-05 08:54:15
18,phamducphong95,phamducphong95@fpt.edu.vn,0327567547,2024-12-07 07:53:16
19,bui_v_anh84,bui_v_anh84@fpt.edu.vn,0384344528,2024-09-28 14:54:45
20,duongducquan66,duongducquan66@fpt.edu.vn,0355744914,2024-09-24 00:52:52
21,buikhanhbinh99,buikhanhbinh99@outlook.com.vn,0971730097,2025-03-25 07:03:16
22,quynh.dang543,quynh.dang543@hotmail.com,0895764652,2024-04-14 05:31:43
23,vu_d_tuan49,vu_d_tuan49@gmail.com,0357953711,2025-07-05 13:26:44
24,phanducmai78,phanducmai78@outlook.com.vn,0353834409,2025-07-19 10:54:58
25,huynh_v_anh99,huynh_v_anh99@hotmail.com,0978657939,2025-09-13 05:00:52
26,thao.duong352,thao.duong352@gmail.com,0893680180,2024-01-07 16:59:45
27,phamducthao65,phamducthao65@hotmail.com,0969165992,2025-04-17 17:06:06
28,huynhthiquan47,huynhthiquan47@outlook.com.vn,0963956250,2024-11-05 01:43:23
29,vuduyphong78,vuduyphong78@yahoo.com,0381628125,2025-05-10 09:52:02
30,vovantuan17,vovantuan17@gmail.com,0707569781,2025-05-17 18:55:16
31,phanthituan65,phanthituan65@gmail.com,0965892487,2024-07-13 17:07:20
32,duongvietanh85,duongvietanh85@hotmail.com,0381738756,2024-01-17 19:48:58
33,do_h_phuong63,do_h_phuong63@hotmail.com,0359339330,2025-09-24 16:34:12
34,huynh_t_lan78,huynh_t_lan78@outlook.com.vn,0326503065,2024-08-11 09:24:22
35,danghoangtuan80,danghoangtuan80@fpt.edu.vn,0986877044,2025-06-27 03:29:27
36,nguyen_c_hung86,nguyen_c_hung86@gmail.com,0325415854,2025-06-13 13:28:56
37,anh.do800,anh.do800@gmail.com,0774420974,2025-01-17 05:58:10
38,nguyen_c_phuong99,nguyen_c_phuong99@yahoo.com,0891621397,2024-04-06 02:49:33
39,huynh_v_lan90,huynh_v_lan90@fpt.edu.vn,0384738224,2024-02-05 16:32:17
40,vy.vo265,vy.vo265@yahoo.com,0885293898,2024-01-01 03:23:51
41,duc.dang145,duc.dang145@hotmail.com,0985189063,2024-02-28 12:16:57
42,mai.vu334,mai.vu334@hotmail.com,0963261671,2024-10-02 22:17:03
43,vu_c_binh33,vu_c_binh33@outlook.com.vn,0357602517,2024-10-30 21:53:28
44,hung.ngo234,hung.ngo234@outlook.com.vn,0908383795,2025-04-06 08:38:20
45,bui_m_thao90,bui_m_thao90@hotmail.com,0772478126,2025-05-27 05:44:28
46,phong.phan818,phong.phan818@hotmail.com,0896036440,2025-02-15 09:12:27
47,ngo_c_hai55,ngo_c_hai55@gmail.com,0357149466,2025-07-07 18:50:28
48,vo_k_kien41,vo_k_kien41@fpt.edu.vn,0358261935,2024-11-21 07:28:03
49,huong.tran503,huong.tran503@gmail.com,0908103227,2024-07-04 02:24:08
50,ngo_t_tuan83,ngo_t_tuan83@fpt.edu.vn,0903312441,2024-08-24 20:53:12
51,phamduyanh55,phamduyanh55@gmail.com,0883325069,2025-03-21 23:21:50
52,linh.duong166,linh.duong166@yahoo.com,0974831789,2024-01-19 16:42:48
53,tranduykien12,tranduykien12@hotmail.com,0885045252,2025-04-24 20:33:53
54,phuong.do195,phuong.do195@fpt.edu.vn,0987265577,2024-11-22 00:58:23
55,duongvietson81,duongvietson81@outlook.com.vn,0775958230,2025-07-03 17:02:57
56,vuminhson76,vuminhson76@hotmail.com,0389411463,2024-02-25 23:35:26
57,hoangminhphong54,hoangminhphong54@hotmail.com,0381105879,2024-07-18 12:51:43
58,son.ngo625,son.ngo625@gmail.com,0966913869,2024-05-15 09:29:32
59,quynh.phan364,quynh.phan364@gmail.com,0986230394,2025-12-13 11:30:49
60,duy.bui108,duy.bui108@fpt.edu.vn,0967013057,2025-01-02 03:12:30
61,duc.ho263,duc.ho263@fpt.edu.vn,0350062330,2024-01-21 08:23:44
62,quan.bui110,quan.bui110@gmail.com,0869993111,2025-04-29 15:28:39
63,vy.do427,vy.do427@outlook.com.vn,0389082645,2024-11-10 21:35:41
64,vuvietduy54,vuvietduy54@yahoo.com,0354970951,2025-02-03 22:39:36
65,duy.duong362,duy.duong362@yahoo.com,0971383025,2024-03-12 19:33:33
66,phamvannam96,phamvannam96@gmail.com,0975308159,2024-06-06 03:44:03
67,lam_d_duc49,lam_d_duc49@outlook.com.vn,0893221407,2025-03-22 01:48:18
68,vu_d_phuong46,vu_d_phuong46@outlook.com.vn,0863028786,2025-01-20 19:09:57
69,tranducquynh36,tranducquynh36@outlook.com.vn,0889285176,2024-09-05 08:19:00
70,thao.lam231,thao.lam231@fpt.edu.vn,0329742924,2024-03-14 09:56:52
71,binh.lam695,binh.lam695@outlook.com.vn,0861542951,2024-07-13 07:00:05
72,duc.vo239,duc.vo239@fpt.edu.vn,0988791300,2025-07-25 21:43:33
73,docamquan84,docamquan84@gmail.com,0894847492,2024-03-08 16:54:52
74,tuan.dang546,tuan.dang546@hotmail.com,0771418188,2025-10-18 01:30:29
75,vu_d_huy96,vu_d_huy96@fpt.edu.vn,0325882394,2025-01-31 05:20:03
76,huynh_t_thao13,huynh_t_thao13@fpt.edu.vn,0860166631,2024-12-06 18:44:24
77,dohoangmai82,dohoangmai82@outlook.com.vn,0860250502,2025-04-16 23:05:41
78,ngo_n_binh39,ngo_n_binh39@fpt.edu.vn,0967613975,2024-06-24 14:39:43
79,vukhanhphong85,vukhanhphong85@yahoo.com,0863849853,2024-04-17 20:58:48
80,vy.huynh695,vy.huynh695@outlook.com.vn,0386857073,2025-06-15 22:25:22
81,ngo_d_phong74,ngo_d_phong74@yahoo.com,0912134440,2024-11-06 04:31:38
82,huynh_m_linh13,huynh_m_linh13@hotmail.com,0359851727,2024-07-29 11:39:21
83,thao.phan659,thao.phan659@outlook.com.vn,0355019310,2025-04-23 05:35:09
84,hai.ngo792,hai.ngo792@yahoo.com,0989991522,2025-03-24 08:43:03
85,levanphuong82,levanphuong82@yahoo.com,0324579790,2025-11-01 18:24:46
86,bui_t_duc52,bui_t_duc52@fpt.edu.vn,0774974946,2024-12-01 14:20:29
87,hominhphong98,hominhphong98@outlook.com.vn,0707676198,2025-10-24 01:19:50
88,lan.dang738,lan.dang738@yahoo.com,0868937316,2025-07-16 13:52:49
89,phong.phan313,phong.phan313@hotmail.com,0910935957,2024-12-01 05:50:34
90,tuan.ngo136,tuan.ngo136@gmail.com,0708997830,2025-01-08 01:23:03
91,do_m_quan73,do_m_quan73@outlook.com.vn,0905119161,2024-02-24 10:25:48
92,dohoanglinh85,dohoanglinh85@fpt.edu.vn,0974862665,2025-04-09 11:30:08
93,hung.hoang715,hung.hoang715@fpt.edu.vn,0897125910,2024-06-20 17:53:53
94,nguyen_t_quan63,nguyen_t_quan63@outlook.com.vn,0971152572,2025-12-28 03:37:48
95,kien.le365,kien.le365@hotmail.com,0969371860,2024-03-26 16:11:28
96,vu_n_huong72,vu_n_huong72@yahoo.com,0902789968,2024-09-14 10:42:43
97,tuan.dang769,tuan.dang769@yahoo.com,0778643364,2024-08-20 10:41:46
98,vo_t_duc83,vo_t_duc83@yahoo.com,0702878093,2024-12-27 01:57:25
99,thao.vu236,thao.vu236@fpt.edu.vn,0976759998,2024-06-29 15:46:32
100,lan.huynh536,lan.huynh536@fpt.edu.vn,0961278688,2024-02-10 13:13:49
101,doduyhuy82,doduyhuy82@outlook.com.vn,0892304649,2024-02-23 02:41:11
102,huong.hoang181,huong.hoang181@outlook.com.vn,0961044815,2025-07-28 09:01:58
103,tuan.ho119,tuan.ho119@outlook.com.vn,0903458263,2025-02-18 04:43:55
104,hoang_m_thao48,hoang_m_thao48@hotmail.com,0969903563,2025-02-11 18:39:40
105,hoangvananh83,hoangvananh83@gmail.com,0388653132,2024-01-27 15:43:00
106,nguyencamquan53,nguyencamquan53@yahoo.com,0701730464,2024-07-24 05:23:36
107,tranthihuy18,tranthihuy18@outlook.com.vn,0771154396,2024-05-13 23:27:59
108,nguyen_v_lan85,nguyen_v_lan85@gmail.com,0973662860,2025-05-14 14:39:02
109,vu_h_linh77,vu_h_linh77@hotmail.com,0355464430,2024-06-24 14:37:51
110,duongviettuan60,duongviettuan60@fpt.edu.vn,0909042793,2025-04-14 07:17:25
111,quynh.lam488,quynh.lam488@fpt.edu.vn,0972920608,2025-12-10 10:12:26
112,dangduyphuong33,dangduyphuong33@outlook.com.vn,0356964744,2025-05-06 06:43:52
113,hoang_v_kien25,hoang_v_kien25@fpt.edu.vn,0975530536,2025-12-19 18:25:24
114,phong.dang933,phong.dang933@hotmail.com,0965181085,2024-12-20 23:36:11
115,tranthihuong53,tranthihuong53@hotmail.com,0380723667,2025-04-02 09:32:35
116,vucamhung29,vucamhung29@outlook.com.vn,0382176209,2024-04-07 08:36:52
117,hai.duong222,hai.duong222@fpt.edu.vn,0706796462,2024-07-17 15:50:58
118,huynh_d_mai97,huynh_d_mai97@gmail.com,0700196087,2024-11-27 00:32:13
119,ngo_c_duc34,ngo_c_duc34@outlook.com.vn,0912306879,2025-08-29 18:14:36
120,vu_k_trang85,vu_k_trang85@outlook.com.vn,0910875229,2024-01-02 06:15:23
121,lam_t_tuan26,lam_t_tuan26@outlook.com.vn,0326324974,2024-12-18 07:03:52
122,nam.tran800,nam.tran800@gmail.com,0353239999,2025-06-26 03:02:59
123,hoangvanduy60,hoangvanduy60@hotmail.com,0884150789,2024-03-26 21:33:49
124,quynh.vo416,quynh.vo416@fpt.edu.vn,0772566355,2025-08-23 13:25:05
125,le_v_vy44,le_v_vy44@fpt.edu.vn,0709772881,2024-08-20 11:37:07
126,duong_m_quynh67,duong_m_quynh67@outlook.com.vn,0868681732,2024-10-11 22:14:13
127,dangvietduc99,dangvietduc99@gmail.com,0868964580,2025-01-18 20:04:45
128,tuan.dang500,tuan.dang500@outlook.com.vn,0702601406,2024-12-06 19:39:28
129,vuthiquan58,vuthiquan58@hotmail.com,0326972920,2025-08-08 05:45:37
130,kien.pham256,kien.pham256@yahoo.com,0772848866,2024-06-04 02:03:03
131,huynhvietphong70,huynhvietphong70@hotmail.com,0770707698,2024-06-04 01:05:59
132,bui_k_huong96,bui_k_huong96@fpt.edu.vn,0380021975,2024-03-09 22:13:56
133,phamvanyen73,phamvanyen73@yahoo.com,0972578944,2025-09-07 01:31:39
134,lan.lam941,lan.lam941@hotmail.com,0973286078,2024-08-15 10:08:30
135,ho_v_duc72,ho_v_duc72@gmail.com,0967264224,2024-01-10 02:06:49
136,quynh.tran609,quynh.tran609@fpt.edu.vn,0906520128,2025-06-18 15:41:13
137,nguyenminhlan56,nguyenminhlan56@outlook.com.vn,0359595327,2025-11-17 13:22:33
138,mai.tran570,mai.tran570@outlook.com.vn,0988762117,2025-01-01 23:51:36
139,do_h_binh87,do_h_binh87@fpt.edu.vn,0896046778,2024-08-17 02:08:25
140,dohoangduc54,dohoangduc54@hotmail.com,0778847938,2024-09-29 09:37:27
141,tuan.duong670,tuan.duong670@outlook.com.vn,0885752324,2025-04-30 13:48:44
142,hoangduytrang12,hoangduytrang12@yahoo.com,0893570800,2025-08-26 04:22:29
143,quan.duong926,quan.duong926@yahoo.com,0707594916,2025-06-26 13:05:03
144,vy.vo377,vy.vo377@yahoo.com,0774285718,2025-10-23 17:29:37
145,hai.bui110,hai.bui110@outlook.com.vn,0901112538,2025-10-12 03:32:20
146,lan.pham770,lan.pham770@outlook.com.vn,0357911362,2025-02-05 20:51:53
147,ngovietvy38,ngovietvy38@yahoo.com,0880837406,2025-10-08 05:29:47
148,duong_h_anh93,duong_h_anh93@gmail.com,0881221913,2024-12-06 11:28:23
149,vukhanhbinh39,vukhanhbinh39@gmail.com,0966048068,2024-05-05 15:39:24
150,huy.vo686,huy.vo686@gmail.com,0860501127,2025-06-09 18:53:14
151,ho_c_lan61,ho_c_lan61@fpt.edu.vn,0708461248,2025-04-23 22:27:35
152,tran_h_binh47,tran_h_binh47@fpt.edu.vn,0356205333,2024-02-17 20:28:55
153,phanhoangthao27,phanhoangthao27@hotmail.com,0890143618,2024-08-02 04:00:32
154,quynh.tran433,quynh.tran433@yahoo.com,0324809046,2024-08-31 02:46:27
155,huynh_k_linh53,huynh_k_linh53@fpt.edu.vn,0972754046,2024-01-08 11:52:01
156,nguyen_d_mai73,nguyen_d_mai73@outlook.com.vn,0350523902,2024-11-19 23:24:10
157,dang_c_quan97,dang_c_quan97@outlook.com.vn,0893091658,2025-06-10 14:30:57
158,vu_k_duc28,vu_k_duc28@fpt.edu.vn,0388556944,2025-06-04 08:16:16
159,huong.huynh575,huong.huynh575@hotmail.com,0904757732,2024-09-30 21:08:34
160,dang_t_huy60,dang_t_huy60@hotmail.com,0962627890,2024-04-10 22:22:07
161,dang_n_quan81,dang_n_quan81@gmail.com,0358936720,2025-05-08 03:09:08
162,trang.huynh299,trang.huynh299@gmail.com,0888104991,2024-12-07 08:10:06
163,phamthiphong38,phamthiphong38@fpt.edu.vn,0704683867,2025-02-14 09:40:37
164,lamviethuong17,lamviethuong17@gmail.com,0968888504,2025-06-04 09:42:05
165,lam_t_thao31,lam_t_thao31@fpt.edu.vn,0887874878,2025-02-06 11:22:15
166,phong.huynh585,phong.huynh585@hotmail.com,0359624632,2025-06-20 10:18:18
167,quynh.le696,quynh.le696@hotmail.com,0979455330,2025-11-29 18:13:22
168,ngo_n_duy12,ngo_n_duy12@hotmail.com,0704984322,2025-10-17 10:22:08
169,buivanquan81,buivanquan81@outlook.com.vn,0985941116,2025-05-08 01:36:13
170,hoduylinh86,hoduylinh86@gmail.com,0964953368,2024-01-27 04:31:44
171,tran_v_kien57,tran_v_kien57@hotmail.com,0971016661,2024-11-12 08:33:41
172,lethianh14,lethianh14@fpt.edu.vn,0773180459,2024-05-20 20:18:44
173,nguyenduyhai53,nguyenduyhai53@gmail.com,0898366056,2025-07-08 12:35:10
174,ho_k_vy34,ho_k_vy34@gmail.com,0971948490,2024-05-24 10:13:20
175,ngo_h_phong11,ngo_h_phong11@gmail.com,0882936361,2025-08-12 13:03:12
176,vo_v_kien48,vo_v_kien48@yahoo.com,0967431864,2024-03-15 07:55:24
177,huynh_c_nam41,huynh_c_nam41@outlook.com.vn,0865527566,2024-10-24 15:59:35
178,lamviethai74,lamviethai74@gmail.com,0963719972,2025-03-28 18:42:45
179,lamvietson30,lamvietson30@yahoo.com,0328555746,2025-04-26 19:39:21
180,duongminhvy84,duongminhvy84@hotmail.com,0869244968,2025-05-30 16:06:25
181,lam_n_mai97,lam_n_mai97@gmail.com,0976065098,2025-10-15 19:48:18
182,le_d_binh53,le_d_binh53@outlook.com.vn,0329705734,2024-08-18 02:53:49
183,huong.bui879,huong.bui879@gmail.com,0326809125,2024-11-18 08:18:49
184,son.do186,son.do186@hotmail.com,0867423677,2025-02-11 18:09:36
185,thao.duong872,thao.duong872@gmail.com,0389435787,2024-11-03 04:42:43
186,huynhkhanhkien33,huynhkhanhkien33@fpt.edu.vn,0972933900,2024-03-15 17:41:46
187,huy.vo288,huy.vo288@yahoo.com,0355224226,2025-07-30 00:54:48
188,hai.hoang971,hai.hoang971@fpt.edu.vn,0980820378,2024-11-08 00:23:21
189,tranducanh96,tranducanh96@gmail.com,0896160159,2024-04-01 13:02:35
190,lam_v_phong87,lam_v_phong87@hotmail.com,0770984003,2024-09-14 20:48:05
191,dang_n_binh75,dang_n_binh75@gmail.com,0773549785,2024-04-27 20:50:46
192,trang.ho618,trang.ho618@hotmail.com,0963983491,2024-07-21 14:24:45
193,buiduyhung15,buiduyhung15@yahoo.com,0902762631,2025-07-22 20:14:43
194,nguyen_d_quynh25,nguyen_d_quynh25@yahoo.com,0966670331,2025-05-15 08:19:39
195,nguyenducnam37,nguyenducnam37@hotmail.com,0886993690,2025-05-10 08:00:13
196,binh.dang403,binh.dang403@yahoo.com,0989275041,2024-08-19 23:47:56
197,quynh.tran680,quynh.tran680@yahoo.com,0988666294,2024-05-18 04:57:29
198,do_n_lan72,do_n_lan72@hotmail.com,0707173637,2025-07-21 09:50:18
199,thao.tran668,thao.tran668@gmail.com,0976040651,2024-08-28 17:11:23
200,quynh.ho336,quynh.ho336@gmail.com,0778943551,2025-03-15 23:48:44
201,mai.duong798,mai.duong798@outlook.com.vn,0897525713,2024-04-30 07:21:20
202,vuduckien77,vuduckien77@outlook.com.vn,0912366709,2024-01-29 09:02:07
203,hoducquynh41,hoducquynh41@fpt.edu.vn,0387708065,2025-01-23 00:02:11
204,hoangduyhai96,hoangduyhai96@yahoo.com,0916354312,2025-01-16 17:44:29
205,linh.vu312,linh.vu312@yahoo.com,0323793775,2025-12-26 04:30:59
206,nguyen_k_thao94,nguyen_k_thao94@outlook.com.vn,0903919710,2024-12-13 23:43:01
207,hai.tran265,hai.tran265@yahoo.com,0963844580,2025-03-11 09:31:14
208,vongocbinh69,vongocbinh69@hotmail.com,0386073163,2025-03-31 12:06:28
209,lam_v_quan96,lam_v_quan96@outlook.com.vn,0894234712,2024-02-08 07:28:01
210,nam.ho836,nam.ho836@fpt.edu.vn,0864522266,2025-06-10 16:45:40
211,tuan.le344,tuan.le344@outlook.com.vn,0904789933,2025-07-01 23:01:32
212,duongkhanhtrang81,duongkhanhtrang81@outlook.com.vn,0901420601,2024-09-12 13:09:59
213,hai.bui721,hai.bui721@outlook.com.vn,0381072199,2025-08-13 13:31:41
214,buiduytrang43,buiduytrang43@gmail.com,0324632449,2024-04-30 09:27:23
215,hoang_d_huy99,hoang_d_huy99@yahoo.com,0960380968,2025-08-24 18:21:41
216,nguyen_n_hung78,nguyen_n_hung78@gmail.com,0359073827,2024-07-22 21:06:19
217,tran_h_son25,tran_h_son25@fpt.edu.vn,0321800105,2024-03-04 17:14:54
218,bui_k_quan36,bui_k_quan36@hotmail.com,0389129903,2024-08-23 19:23:29
219,quynh.vo688,quynh.vo688@fpt.edu.vn,0351051860,2025-09-01 07:01:28
220,huynh_k_huy97,huynh_k_huy97@fpt.edu.vn,0906758078,2024-04-01 11:05:46
221,voduyyen88,voduyyen88@hotmail.com,0703062109,2024-08-06 07:12:12
222,ngovietkien46,ngovietkien46@yahoo.com,0384186688,2024-02-10 05:33:34
223,vo_d_nam55,vo_d_nam55@yahoo.com,0967381824,2024-07-12 07:31:28
224,nguyenminhmai12,nguyenminhmai12@gmail.com,0895925217,2024-08-18 04:48:48
225,trang.vo926,trang.vo926@gmail.com,0320531828,2025-11-19 07:00:20
226,trang.bui777,trang.bui777@yahoo.com,0977114133,2024-02-21 01:52:11
227,linh.hoang744,linh.hoang744@yahoo.com,0974863309,2025-12-20 12:09:39
228,lamvietquan47,lamvietquan47@yahoo.com,0960160835,2024-06-15 21:15:22
229,nguyenngockien43,nguyenngockien43@hotmail.com,0895617520,2025-02-10 07:23:07
230,ngohoanglinh97,ngohoanglinh97@hotmail.com,0882194446,2024-05-02 09:53:25
231,vuthinam61,vuthinam61@hotmail.com,0910527984,2024-10-19 07:49:40
232,hoang_d_vy52,hoang_d_vy52@fpt.edu.vn,0325257663,2024-07-18 06:41:40
233,le_d_lan37,le_d_lan37@gmail.com,0972586119,2024-02-07 22:54:30
234,dominhtrang24,dominhtrang24@outlook.com.vn,0387355855,2024-02-01 16:32:53
235,kien.dang431,kien.dang431@gmail.com,0354929007,2025-04-13 05:56:59
236,ngo_m_mai72,ngo_m_mai72@gmail.com,0906318993,2025-08-18 13:17:04
237,pham_c_huy96,pham_c_huy96@gmail.com,0892133342,2024-05-24 01:09:28
238,huynh_n_son35,huynh_n_son35@fpt.edu.vn,0882546685,2024-02-29 16:20:49
239,dokhanhanh79,dokhanhanh79@hotmail.com,0963473185,2024-07-28 13:03:16
240,lecamnam47,lecamnam47@hotmail.com,0359406744,2025-04-08 11:27:09
241,nam.duong713,nam.duong713@outlook.com.vn,0776449488,2025-10-17 02:29:39
242,vukhanhquynh74,vukhanhquynh74@gmail.com,0329010303,2024-12-13 21:29:17
243,do_n_nam54,do_n_nam54@hotmail.com,0775060272,2024-10-30 00:03:10
244,tuan.le464,tuan.le464@outlook.com.vn,0881890707,2025-12-15 23:04:16
245,nam.ho293,nam.ho293@fpt.edu.vn,0356932902,2025-08-10 03:27:16
246,phanvietyen26,phanvietyen26@gmail.com,0774784319,2024-05-25 17:19:31
247,duong_v_phuong80,duong_v_phuong80@gmail.com,0383942103,2025-01-10 17:09:43
248,ngo_v_linh80,ngo_v_linh80@outlook.com.vn,0960447590,2025-01-01 23:01:46
249,trancamnam86,trancamnam86@hotmail.com,0883102046,2025-06-13 07:48:20
250,nam.bui473,nam.bui473@gmail.com,0325186025,2025-08-16 00:52:45
251,duongkhanhhai95,duongkhanhhai95@fpt.edu.vn,0381387942,2024-04-22 00:53:26
252,le_m_trang97,le_m_trang97@gmail.com,0709450964,2024-09-17 02:42:02
253,vothiduy13,vothiduy13@yahoo.com,0963742438,2024-06-18 04:47:10
254,huynh_n_thao73,huynh_n_thao73@hotmail.com,0700187304,2025-09-02 03:03:41
255,huynhhoangtrang69,huynhhoangtrang69@gmail.com,0910466363,2024-03-24 04:17:21
256,vo_m_duc60,vo_m_duc60@fpt.edu.vn,0869795652,2024-11-21 02:10:46
257,hung.duong137,hung.duong137@hotmail.com,0869223647,2025-10-19 13:13:01
258,quan.vo700,quan.vo700@fpt.edu.vn,0971433070,2024-12-07 11:32:18
259,vu_d_phuong32,vu_d_phuong32@hotmail.com,0975976712,2024-03-12 14:16:34
260,son.huynh576,son.huynh576@fpt.edu.vn,0881594110,2024-11-12 04:35:34
261,pham_c_quynh16,pham_c_quynh16@gmail.com,0890862173,2025-03-06 18:25:49
262,vy.vo983,vy.vo983@fpt.edu.vn,0899759786,2025-05-25 06:51:54
263,ho_v_phong62,ho_v_phong62@yahoo.com,0772153745,2024-01-18 08:36:44
264,nguyencamyen51,nguyencamyen51@fpt.edu.vn,0389027820,2024-10-07 11:19:48
265,do_v_quynh72,do_v_quynh72@hotmail.com,0886572195,2024-07-12 12:23:00
266,nguyen_k_phuong15,nguyen_k_phuong15@gmail.com,0887170192,2024-12-27 09:32:34
267,yen.le696,yen.le696@fpt.edu.vn,0980776621,2024-09-22 02:25:14
268,huynh_n_phong48,huynh_n_phong48@fpt.edu.vn,0988893915,2024-02-02 12:26:35
269,do_k_tuan49,do_k_tuan49@yahoo.com,0977689960,2025-10-23 04:21:19
270,duongthilinh71,duongthilinh71@gmail.com,0860284119,2025-03-07 23:10:29
271,son.vu865,son.vu865@hotmail.com,0866116546,2025-11-25 19:32:18
272,vo_c_kien70,vo_c_kien70@hotmail.com,0861350585,2025-04-22 20:06:40
273,tran_n_quynh57,tran_n_quynh57@hotmail.com,0973926806,2024-05-17 01:37:02
274,ngo_h_nam18,ngo_h_nam18@hotmail.com,0889888244,2025-02-23 01:06:37
275,huynh_c_son15,huynh_c_son15@hotmail.com,0704515211,2024-05-30 21:34:36
276,huy.tran387,huy.tran387@hotmail.com,0774681431,2025-09-05 21:14:56
277,huong.phan138,huong.phan138@yahoo.com,0905236359,2025-07-21 16:13:36
278,tranminhduy21,tranminhduy21@hotmail.com,0964657889,2024-10-02 03:39:42
279,dang_m_linh85,dang_m_linh85@outlook.com.vn,0866376019,2025-06-18 05:25:27
280,ngohoangduy77,ngohoangduy77@outlook.com.vn,0385110950,2025-03-24 19:11:32
281,binh.vo866,binh.vo866@fpt.edu.vn,0972146889,2024-05-26 15:49:51
282,phong.lam713,phong.lam713@yahoo.com,0706583130,2024-01-28 23:37:07
283,son.le762,son.le762@hotmail.com,0985175224,2025-08-22 18:32:17
284,nam.nguyen714,nam.nguyen714@hotmail.com,0988530299,2025-05-25 03:18:30
285,quynh.phan865,quynh.phan865@gmail.com,0902003161,2025-02-02 00:31:03
286,mai.nguyen175,mai.nguyen175@hotmail.com,0976559387,2025-02-01 10:13:55
287,ngo_n_linh21,ngo_n_linh21@outlook.com.vn,0907708778,2025-01-28 10:57:13
288,tuan.hoang467,tuan.hoang467@hotmail.com,0862256972,2024-11-17 03:51:12
289,thao.do170,thao.do170@gmail.com,0969769065,2024-10-15 02:32:56
290,hovietduy96,hovietduy96@outlook.com.vn,0888317477,2025-09-30 08:49:52
291,phong.vo307,phong.vo307@fpt.edu.vn,0381952235,2025-03-17 06:27:11
292,vongocson94,vongocson94@yahoo.com,0863093106,2024-09-21 14:18:28
293,tran_t_hai34,tran_t_hai34@gmail.com,0356115483,2025-07-06 14:27:24
294,phanductuan35,phanductuan35@yahoo.com,0708874233,2025-11-11 22:04:39
295,nam.do295,nam.do295@gmail.com,0356895823,2025-01-24 13:46:31
296,binh.ho276,binh.ho276@outlook.com.vn,0987277927,2025-12-10 06:54:51
297,vy.lam730,vy.lam730@yahoo.com,0973696452,2025-12-10 09:56:09
298,lamthilinh35,lamthilinh35@yahoo.com,0863786073,2025-09-26 06:33:10
299,huynhvietduc87,huynhvietduc87@hotmail.com,0773144315,2024-04-18 13:57:21
300,vo_m_vy81,vo_m_vy81@yahoo.com,0884822151,2025-07-30 16:24:05
301,huynhvietthao44,huynhvietthao44@fpt.edu.vn,0906631980,2025-12-12 15:35:44
302,anh.duong593,anh.duong593@gmail.com,0320324491,2024-11-08 15:44:29
303,duongngocduy85,duongngocduy85@hotmail.com,0320836583,2025-08-09 11:25:07
304,ho_n_yen50,ho_n_yen50@hotmail.com,0383141968,2025-07-02 18:33:42
305,nguyen_h_linh86,nguyen_h_linh86@gmail.com,0893496907,2025-03-31 06:35:35
306,huynh_k_huong49,huynh_k_huong49@gmail.com,0913911575,2024-10-01 16:21:28
307,nguyenthimai92,nguyenthimai92@fpt.edu.vn,0967609950,2024-10-27 12:09:53
308,trancamphuong83,trancamphuong83@hotmail.com,0886698403,2025-12-09 20:39:16
309,tran_t_anh82,tran_t_anh82@outlook.com.vn,0701050635,2024-05-28 01:44:15
310,trang.ngo427,trang.ngo427@yahoo.com,0385533317,2025-06-03 19:11:13
311,lamviethai45,lamviethai45@yahoo.com,0908253754,2025-05-19 11:52:50
312,vokhanhthao82,vokhanhthao82@outlook.com.vn,0888274179,2025-04-07 08:26:22
313,le_d_son77,le_d_son77@hotmail.com,0350122890,2025-04-17 12:47:19
314,huy.vu613,huy.vu613@hotmail.com,0979603746,2024-09-27 13:47:46
315,huynhduyson73,huynhduyson73@outlook.com.vn,0899726506,2025-07-28 17:43:21
316,huynhminhyen49,huynhminhyen49@outlook.com.vn,0965316179,2024-06-13 17:18:33
317,hai.hoang824,hai.hoang824@outlook.com.vn,0900774614,2024-12-14 01:59:06
318,ngovantuan67,ngovantuan67@yahoo.com,0776904506,2024-09-14 03:07:04
319,hung.huynh381,hung.huynh381@hotmail.com,0912833389,2025-09-22 03:05:56
320,huynh_h_phuong55,huynh_h_phuong55@hotmail.com,0320194457,2025-02-24 19:46:52
321,vo_h_phong71,vo_h_phong71@hotmail.com,0891311408,2025-11-20 17:08:05
322,vohoangphong22,vohoangphong22@gmail.com,0383614044,2025-06-18 06:57:13
323,phamminhhuong27,phamminhhuong27@outlook.com.vn,0967234198,2024-02-15 12:06:18
324,huynhcamkien87,huynhcamkien87@gmail.com,0888633151,2024-06-17 20:29:34
325,docamtuan46,docamtuan46@gmail.com,0352715723,2024-10-06 13:54:21
326,le_k_quynh42,le_k_quynh42@hotmail.com,0987291803,2025-09-03 18:13:46
327,nam.pham235,nam.pham235@yahoo.com,0705816904,2025-05-29 18:42:38
328,phan_h_hai82,phan_h_hai82@hotmail.com,0968436430,2025-01-17 10:55:24
329,hoangkhanhhai24,hoangkhanhhai24@outlook.com.vn,0353382028,2024-08-30 10:17:03
330,lamductrang80,lamductrang80@hotmail.com,0869648073,2025-12-04 01:22:11
331,hoang_c_mai94,hoang_c_mai94@hotmail.com,0865181817,2024-12-14 07:28:41
332,tranngochai89,tranngochai89@hotmail.com,0708220339,2024-07-18 19:59:43
333,thao.pham744,thao.pham744@outlook.com.vn,0962607178,2025-02-19 23:13:59
334,tranthihai42,tranthihai42@hotmail.com,0707964731,2024-09-03 21:49:24
335,do_d_quan20,do_d_quan20@yahoo.com,0357311153,2025-10-23 03:12:49
336,tranduyhuy38,tranduyhuy38@fpt.edu.vn,0916174076,2024-12-16 01:48:55
337,trang.le502,trang.le502@gmail.com,0862720653,2025-08-19 05:26:02
338,tran_m_duc56,tran_m_duc56@fpt.edu.vn,0908573065,2025-07-20 09:22:31
339,vo_d_hai18,vo_d_hai18@yahoo.com,0771878985,2024-09-09 07:37:46
340,trang.duong228,trang.duong228@hotmail.com,0888710681,2024-12-27 10:24:51
341,nguyenvietson84,nguyenvietson84@yahoo.com,0864461392,2025-01-07 21:13:25
342,quynh.tran789,quynh.tran789@outlook.com.vn,0902332877,2024-07-27 06:23:53
343,vo_n_trang21,vo_n_trang21@gmail.com,0980395181,2024-08-15 13:59:54
344,duongcamyen58,duongcamyen58@fpt.edu.vn,0701755549,2024-05-02 21:02:28
345,vo_c_linh68,vo_c_linh68@hotmail.com,0918023361,2025-06-20 05:40:20
346,hoducquynh95,hoducquynh95@outlook.com.vn,0356108385,2024-06-20 17:54:05
347,duc.le419,duc.le419@outlook.com.vn,0776329372,2025-12-24 13:49:15
348,nguyen_t_duy25,nguyen_t_duy25@outlook.com.vn,0381695612,2024-04-01 22:24:21
349,son.dang761,son.dang761@fpt.edu.vn,0975355517,2024-02-22 00:14:05
350,phong.tran497,phong.tran497@yahoo.com,0358382883,2024-02-19 05:39:27
351,binh.hoang854,binh.hoang854@outlook.com.vn,0326064357,2024-11-03 19:18:17
352,dangduyhung55,dangduyhung55@fpt.edu.vn,0353574348,2025-10-26 14:50:50
353,dovietnam19,dovietnam19@hotmail.com,0907944278,2025-11-15 15:32:28
354,vo_v_quan12,vo_v_quan12@gmail.com,0350479922,2024-10-23 14:45:30
355,yen.phan740,yen.phan740@fpt.edu.vn,0706464425,2025-11-13 04:17:56
356,ngo_v_nam84,ngo_v_nam84@gmail.com,0975804422,2025-12-08 02:24:20
357,lamvanyen58,lamvanyen58@fpt.edu.vn,0906500238,2025-04-24 22:22:50
358,dangcamson24,dangcamson24@hotmail.com,0886809904,2024-11-05 02:37:51
359,hoang_c_hai65,hoang_c_hai65@hotmail.com,0907028510,2024-03-05 09:40:27
360,yen.ngo892,yen.ngo892@hotmail.com,0328121027,2025-02-24 17:51:39
361,trang.vu384,trang.vu384@fpt.edu.vn,0963603866,2024-10-28 20:59:33
362,ngo_c_lan11,ngo_c_lan11@outlook.com.vn,0888233600,2025-05-17 23:29:38
363,phamvanlinh58,phamvanlinh58@yahoo.com,0884368071,2025-03-05 01:21:22
364,mai.bui759,mai.bui759@gmail.com,0976473985,2025-03-25 05:36:42
365,lamngocbinh12,lamngocbinh12@outlook.com.vn,0898222050,2025-12-13 18:08:24
366,dangduckien91,dangduckien91@gmail.com,0911408774,2024-09-01 23:10:41
367,leminhlan63,leminhlan63@gmail.com,0704401342,2024-08-13 05:51:12
368,ngocamphong64,ngocamphong64@fpt.edu.vn,0860772957,2025-07-21 14:42:15
369,phan_h_huy28,phan_h_huy28@outlook.com.vn,0709899390,2024-01-12 23:12:37
370,tran_v_huong54,tran_v_huong54@gmail.com,0383208683,2024-08-01 18:43:48
371,duc.nguyen230,duc.nguyen230@yahoo.com,0911357548,2025-10-22 22:29:48
372,huy.duong114,huy.duong114@gmail.com,0978042072,2024-05-17 08:20:30
373,lekhanhlan77,lekhanhlan77@outlook.com.vn,0323817976,2025-06-01 21:28:09
374,mai.duong822,mai.duong822@gmail.com,0864964824,2025-01-03 19:42:26
375,nguyen_t_linh97,nguyen_t_linh97@outlook.com.vn,0779170381,2024-05-04 20:44:21
376,nguyenduyvy91,nguyenduyvy91@gmail.com,0970652436,2025-04-09 20:28:21
377,bui_c_phong94,bui_c_phong94@gmail.com,0903390606,2024-06-01 14:18:30
378,quynh.nguyen755,quynh.nguyen755@fpt.edu.vn,0772535608,2025-01-27 20:03:52
379,duongvanhuy43,duongvanhuy43@gmail.com,0905172782,2025-06-09 17:54:52
380,anh.vu982,anh.vu982@gmail.com,0328387862,2025-02-19 08:44:02
381,huynh_d_kien72,huynh_d_kien72@outlook.com.vn,0703523950,2025-03-28 06:23:41
382,nguyenduytrang36,nguyenduytrang36@fpt.edu.vn,0320951416,2025-06-02 08:20:14
383,do_n_mai32,do_n_mai32@hotmail.com,0968808305,2024-08-29 02:22:36
384,quan.lam314,quan.lam314@gmail.com,0352656259,2025-08-06 13:12:11
385,nguyenducduy97,nguyenducduy97@hotmail.com,0902058745,2025-12-15 16:33:23
386,nam.bui745,nam.bui745@hotmail.com,0776407752,2025-10-30 08:41:26
387,duong_v_hai31,duong_v_hai31@hotmail.com,0918659269,2025-06-30 10:25:34
388,huy.nguyen440,huy.nguyen440@fpt.edu.vn,0707200357,2024-10-13 22:06:09
389,lam_t_son85,lam_t_son85@gmail.com,0774715907,2025-10-03 19:50:22
390,duong_v_nam23,duong_v_nam23@fpt.edu.vn,0350663128,2025-03-30 04:22:40
391,dang_c_son67,dang_c_son67@yahoo.com,0972009583,2025-03-05 19:31:02
392,mai.dang985,mai.dang985@hotmail.com,0966826981,2025-01-29 18:09:41
393,hoangduymai41,hoangduymai41@hotmail.com,0906068111,2024-09-04 12:58:12
394,thao.lam527,thao.lam527@fpt.edu.vn,0971684638,2024-03-22 00:34:42
395,hoangduyphuong28,hoangduyphuong28@hotmail.com,0890971398,2024-12-08 00:22:36
396,duongthibinh84,duongthibinh84@yahoo.com,0914291088,2024-08-17 03:23:59
397,phan_d_phong40,phan_d_phong40@hotmail.com,0896235412,2025-04-26 03:24:26
398,vukhanhhung67,vukhanhhung67@hotmail.com,0989571852,2025-10-18 15:13:06
399,do_m_trang50,do_m_trang50@outlook.com.vn,0988236848,2024-11-21 08:51:54
400,anh.hoang855,anh.hoang855@yahoo.com,0701910803,2024-03-25 13:15:56
401,ngo_d_huong61,ngo_d_huong61@hotmail.com,0775988412,2024-02-29 22:54:13
402,phan_n_phong69,phan_n_phong69@outlook.com.vn,0384458076,2024-11-13 04:16:06
403,pham_c_son68,pham_c_son68@fpt.edu.vn,0709063272,2024-09-20 07:34:55
404,huy.pham200,huy.pham200@hotmail.com,0358264192,2024-07-21 11:32:24
405,duongcambinh65,duongcambinh65@gmail.com,0971144738,2024-07-11 10:53:33
406,phan_v_nam34,phan_v_nam34@outlook.com.vn,0354087238,2025-03-22 07:42:52
407,linh.do499,linh.do499@yahoo.com,0976286393,2025-05-31 05:19:47
408,lam_n_vy69,lam_n_vy69@hotmail.com,0329530505,2025-06-08 15:18:42
409,lam_d_quan56,lam_d_quan56@hotmail.com,0868832657,2025-05-08 18:43:50
410,duongminhnam77,duongminhnam77@fpt.edu.vn,0918354757,2024-08-24 17:34:29
411,pham_h_duc25,pham_h_duc25@gmail.com,0357209985,2024-06-10 16:45:18
412,mai.pham195,mai.pham195@fpt.edu.vn,0770080705,2025-08-23 11:55:59
413,phanduclan16,phanduclan16@outlook.com.vn,0917421129,2024-09-06 10:23:00
414,do_h_huy11,do_h_huy11@outlook.com.vn,0701087063,2024-08-27 00:57:11
415,ngovietduy65,ngovietduy65@fpt.edu.vn,0897527984,2024-12-29 18:39:25
416,doduyanh52,doduyanh52@hotmail.com,0967109216,2025-05-11 04:33:19
417,quan.dang822,quan.dang822@gmail.com,0919724987,2024-12-17 21:08:06
418,leduykien99,leduykien99@fpt.edu.vn,0984670652,2025-10-20 18:47:25
419,duongngocphuong47,duongngocphuong47@fpt.edu.vn,0970773896,2025-01-22 18:34:12
420,pham_h_lan14,pham_h_lan14@gmail.com,0700866302,2025-04-22 03:53:08
421,duong_h_huy20,duong_h_huy20@fpt.edu.vn,0897153353,2025-12-02 13:41:21
422,phanvietthao12,phanvietthao12@yahoo.com,0907526324,2024-11-03 21:35:51
423,doduylinh90,doduylinh90@gmail.com,0981246941,2024-07-30 09:32:47
424,hoduckien17,hoduckien17@yahoo.com,0709519060,2025-08-04 10:57:42
425,phan_c_quan89,phan_c_quan89@yahoo.com,0895746057,2025-05-26 08:46:37
426,hung.hoang422,hung.hoang422@hotmail.com,0702532419,2025-06-22 22:51:08
427,huy.vu389,huy.vu389@gmail.com,0358217044,2024-03-06 20:45:59
428,lam_k_anh44,lam_k_anh44@outlook.com.vn,0894888319,2025-12-31 01:13:45
429,linh.hoang361,linh.hoang361@hotmail.com,0354844929,2025-02-28 21:53:13
430,ho_d_hai14,ho_d_hai14@gmail.com,0359075822,2024-10-31 12:45:08
431,leminhtuan98,leminhtuan98@gmail.com,0972074150,2025-07-16 04:42:05
432,hai.dang793,hai.dang793@yahoo.com,0919142974,2025-10-21 07:57:21
433,do_d_trang59,do_d_trang59@outlook.com.vn,0700865001,2025-05-23 16:21:57
434,phanthituan24,phanthituan24@yahoo.com,0863628668,2024-07-31 02:09:05
435,huong.vo225,huong.vo225@fpt.edu.vn,0984094043,2024-10-26 17:23:52
436,lan.huynh431,lan.huynh431@fpt.edu.vn,0323178673,2024-12-29 12:58:29
437,pham_t_mai28,pham_t_mai28@yahoo.com,0911645294,2024-06-11 13:39:39
438,dangcamphong12,dangcamphong12@hotmail.com,0771095607,2024-11-14 21:21:17
439,hoangduyhuy34,hoangduyhuy34@gmail.com,0772928529,2025-05-05 00:02:44
440,duong_d_phong73,duong_d_phong73@outlook.com.vn,0887869338,2024-02-23 20:59:53
441,dang_t_kien45,dang_t_kien45@yahoo.com,0902639851,2025-04-02 20:38:32
442,dang_c_huy12,dang_c_huy12@gmail.com,0916356906,2025-05-24 18:15:39
443,do_n_thao58,do_n_thao58@fpt.edu.vn,0977925044,2025-02-14 18:46:27
444,phan_t_thao57,phan_t_thao57@gmail.com,0382339486,2025-03-30 20:11:34
445,anh.ho978,anh.ho978@gmail.com,0902502319,2024-08-31 05:26:19
446,nguyencamyen43,nguyencamyen43@gmail.com,0882250338,2024-02-23 23:12:25
447,ngo_t_lan45,ngo_t_lan45@hotmail.com,0982101316,2025-10-16 15:15:30
448,vo_c_trang18,vo_c_trang18@hotmail.com,0389416834,2024-03-05 12:31:16
449,vothiduc53,vothiduc53@gmail.com,0890428475,2025-01-13 00:13:49
450,anh.vu924,anh.vu924@outlook.com.vn,0970056367,2025-09-25 16:33:39
451,le_v_phong30,le_v_phong30@yahoo.com,0353104788,2024-12-12 22:05:06
452,hoang_n_hung45,hoang_n_hung45@outlook.com.vn,0980331631,2025-10-19 11:59:45
453,thao.ngo698,thao.ngo698@outlook.com.vn,0324217474,2024-05-10 13:56:14
454,phamkhanhphong23,phamkhanhphong23@fpt.edu.vn,0352650210,2024-07-03 10:35:09
455,son.tran489,son.tran489@fpt.edu.vn,0906812039,2025-01-28 09:09:49
456,vongocnam99,vongocnam99@fpt.edu.vn,0882094384,2024-01-18 10:57:50
457,nguyenhoangtrang36,nguyenhoangtrang36@hotmail.com,0964762666,2024-06-02 21:04:00
458,huynh_v_linh83,huynh_v_linh83@yahoo.com,0895005583,2024-02-12 01:39:27
459,lam_d_huy94,lam_d_huy94@fpt.edu.vn,0917070931,2025-10-14 13:10:33
460,doductuan54,doductuan54@gmail.com,0972819184,2024-11-02 16:52:44
461,le_m_tuan42,le_m_tuan42@gmail.com,0897524423,2025-07-14 09:52:59
462,dang_d_mai73,dang_d_mai73@yahoo.com,0910827978,2025-10-10 01:34:54
463,lam_d_phong17,lam_d_phong17@gmail.com,0905607360,2025-04-18 06:58:09
464,danghoangquynh90,danghoangquynh90@outlook.com.vn,0981161215,2024-03-31 09:07:42
465,phan_v_phuong95,phan_v_phuong95@outlook.com.vn,0866467364,2025-09-04 01:10:47
466,hoang_t_quan92,hoang_t_quan92@outlook.com.vn,0883381611,2024-10-12 09:44:08
467,dang_c_quynh26,dang_c_quynh26@outlook.com.vn,0887982311,2024-12-11 11:45:22
468,ho_m_mai84,ho_m_mai84@hotmail.com,0700252044,2024-10-18 12:02:16
469,nguyen_d_hung41,nguyen_d_hung41@yahoo.com,0902790268,2025-03-08 17:51:47
470,huynh_h_son61,huynh_h_son61@gmail.com,0910144843,2024-10-31 08:05:36
471,dang_v_yen92,dang_v_yen92@fpt.edu.vn,0988190836,2025-09-02 16:54:24
472,hai.do381,hai.do381@fpt.edu.vn,0869993449,2024-08-10 15:38:13
473,anh.duong173,anh.duong173@fpt.edu.vn,0706010682,2025-06-14 02:42:43
474,tuan.vu889,tuan.vu889@fpt.edu.vn,0384914822,2025-12-19 07:59:55
475,lan.le913,lan.le913@hotmail.com,0897904870,2025-06-22 22:08:22
476,do_t_trang55,do_t_trang55@outlook.com.vn,0385517899,2025-08-02 19:18:47
477,vo_c_anh32,vo_c_anh32@fpt.edu.vn,0963227838,2025-06-30 06:49:04
478,duongducanh52,duongducanh52@gmail.com,0964866872,2025-01-19 17:27:45
479,nam.duong902,nam.duong902@gmail.com,0773567692,2024-02-23 03:20:55
480,dongocquan25,dongocquan25@yahoo.com,0960316937,2025-11-18 12:53:35
481,tuan.duong321,tuan.duong321@fpt.edu.vn,0971029913,2025-10-22 20:43:33
482,duc.duong377,duc.duong377@gmail.com,0901472322,2025-04-16 12:57:35
483,huong.dang777,huong.dang777@yahoo.com,0969243016,2025-09-22 10:05:26
484,lekhanhtuan57,lekhanhtuan57@hotmail.com,0388931034,2024-06-09 18:07:57
485,nguyen_c_thao16,nguyen_c_thao16@yahoo.com,0329352525,2024-05-09 02:16:31
486,tuan.vo139,tuan.vo139@outlook.com.vn,0973155332,2025-03-28 13:01:36
487,tuan.huynh380,tuan.huynh380@yahoo.com,0881808653,2024-07-17 09:43:05
488,dang_n_yen84,dang_n_yen84@hotmail.com,0897101721,2025-08-06 01:09:44
489,do_v_linh48,do_v_linh48@yahoo.com,0890770448,2025-03-27 08:53:05
490,leminhanh53,leminhanh53@hotmail.com,0903209250,2024-09-01 17:44:52
491,phamviethuy23,phamviethuy23@gmail.com,0707763490,2025-01-13 19:46:21
492,bui_d_mai35,bui_d_mai35@outlook.com.vn,0986320259,2025-05-18 19:58:00
493,tran_d_vy20,tran_d_vy20@gmail.com,0984699400,2024-03-21 04:47:16
494,vu_v_huong53,vu_v_huong53@outlook.com.vn,0968372673,2025-09-19 04:18:56
495,dongockien13,dongockien13@gmail.com,0388633630,2025-01-02 14:39:58
496,vominhtuan37,vominhtuan37@yahoo.com,0964439796,2024-07-02 14:10:05
497,phong.pham610,phong.pham610@gmail.com,0389255437,2025-01-01 11:30:43
498,dangkhanhhuong12,dangkhanhhuong12@hotmail.com,0381354057,2025-08-11 08:33:02
499,huynhvantuan57,huynhvantuan57@outlook.com.vn,0702953003,2024-06-22 11:14:07
500,vuhoanghai50,vuhoanghai50@yahoo.com,0918339759,2025-10-20 19:05:28
501,vominhanh64,vominhanh64@yahoo.com,0912596076,2025-12-04 13:38:14
502,le_t_son53,le_t_son53@hotmail.com,0966911394,2025-09-10 08:08:07
503,lamhoangnam43,lamhoangnam43@fpt.edu.vn,0906959237,2025-11-23 10:29:14
504,vuvanson59,vuvanson59@gmail.com,0961808789,2024-04-29 09:53:52
505,hoanghoangtuan91,hoanghoangtuan91@fpt.edu.vn,0969926560,2024-09-05 02:00:55
506,nguyen_m_phuong58,nguyen_m_phuong58@yahoo.com,0709433977,2024-04-13 08:08:05
507,mai.tran521,mai.tran521@hotmail.com,0707831225,2024-01-25 00:43:19
508,dangvanlinh20,dangvanlinh20@yahoo.com,0973023338,2024-03-22 07:49:33
509,hovananh55,hovananh55@outlook.com.vn,0888075928,2024-06-22 16:26:22
510,lam_v_huy19,lam_v_huy19@outlook.com.vn,0700598137,2024-07-06 11:27:52
511,vukhanhtuan65,vukhanhtuan65@fpt.edu.vn,0988679784,2025-11-05 19:18:37
512,bui_k_lan24,bui_k_lan24@yahoo.com,0383497621,2024-02-06 14:05:04
513,bui_t_anh18,bui_t_anh18@hotmail.com,0326857717,2025-02-10 05:18:47
514,duy.phan225,duy.phan225@gmail.com,0904134164,2024-04-05 06:19:53
515,yen.phan147,yen.phan147@gmail.com,0910120452,2024-06-24 00:00:31
516,son.tran781,son.tran781@gmail.com,0320996702,2025-08-20 22:58:19
517,trang.hoang580,trang.hoang580@outlook.com.vn,0388403531,2024-06-03 15:17:23
518,ngoduchuong86,ngoduchuong86@yahoo.com,0885360441,2025-12-20 13:12:15
519,do_k_quynh94,do_k_quynh94@gmail.com,0969142415,2025-03-10 20:11:15
520,nguyen_d_huong60,nguyen_d_huong60@outlook.com.vn,0704076976,2024-10-30 23:49:05
521,dangducduy69,dangducduy69@yahoo.com,0329547101,2025-09-16 20:08:54
522,trang.huynh117,trang.huynh117@yahoo.com,0771011485,2025-04-16 15:51:58
523,hoangminhphuong63,hoangminhphuong63@fpt.edu.vn,0863151713,2025-08-06 13:07:09
524,dang_v_huong70,dang_v_huong70@hotmail.com,0898979286,2025-07-22 16:08:52
525,vungocphong32,vungocphong32@gmail.com,0912228067,2024-11-19 10:38:44
526,lam_h_binh55,lam_h_binh55@fpt.edu.vn,0960532084,2025-04-05 19:58:47
527,linh.ho388,linh.ho388@hotmail.com,0901458656,2024-05-29 18:27:56
528,vu_v_thao21,vu_v_thao21@yahoo.com,0351465151,2024-10-09 12:57:48
529,bui_n_nam67,bui_n_nam67@gmail.com,0779738821,2025-05-03 18:59:49
530,doduylan23,doduylan23@gmail.com,0918070582,2024-12-29 05:15:19
531,pham_d_lan45,pham_d_lan45@hotmail.com,0702085063,2024-12-03 06:40:18
532,phuong.phan570,phuong.phan570@outlook.com.vn,0707379259,2024-03-14 06:06:31
533,duongduylinh27,duongduylinh27@gmail.com,0897487198,2024-10-08 01:18:06
534,vongocnam53,vongocnam53@hotmail.com,0704357085,2024-10-11 08:38:37
535,hoangngocduc97,hoangngocduc97@gmail.com,0982214625,2025-11-10 02:39:06
536,dang_c_quan95,dang_c_quan95@gmail.com,0896926526,2024-01-13 14:45:45
537,lan.tran752,lan.tran752@fpt.edu.vn,0988635835,2024-08-23 09:22:09
538,anh.nguyen206,anh.nguyen206@fpt.edu.vn,0893387043,2024-11-15 06:52:09
539,hoang_m_quynh51,hoang_m_quynh51@hotmail.com,0895310924,2025-04-09 04:03:44
540,duongduchai26,duongduchai26@outlook.com.vn,0388904090,2024-11-07 05:58:53
541,phong.dang894,phong.dang894@gmail.com,0706655452,2025-04-15 05:26:08
542,huy.hoang261,huy.hoang261@fpt.edu.vn,0321032133,2025-04-22 06:57:13
543,hai.hoang772,hai.hoang772@gmail.com,0351391672,2025-05-28 08:10:00
544,lam_d_duy16,lam_d_duy16@yahoo.com,0917164230,2025-10-24 11:15:11
545,hoduchuong82,hoduchuong82@outlook.com.vn,0329475184,2024-02-24 14:19:53
546,mai.pham115,mai.pham115@fpt.edu.vn,0883265477,2024-07-05 20:20:10
547,duongvietphong11,duongvietphong11@gmail.com,0862672168,2025-09-03 15:58:52
548,huynh_d_huong26,huynh_d_huong26@outlook.com.vn,0382437787,2024-11-21 03:51:54
549,phuong.le353,phuong.le353@hotmail.com,0890750490,2025-04-26 05:32:20
550,buiduclinh38,buiduclinh38@hotmail.com,0961367329,2025-10-22 05:10:52
551,hothiquynh17,hothiquynh17@yahoo.com,0774710317,2025-03-23 21:00:27
552,huynh_k_duc80,huynh_k_duc80@gmail.com,0866487955,2025-12-26 01:06:37
553,nguyen_d_hung75,nguyen_d_hung75@hotmail.com,0894594864,2024-11-26 15:58:29
554,huynh_t_phuong24,huynh_t_phuong24@yahoo.com,0388996894,2024-05-02 21:08:08
555,huynh_k_quynh45,huynh_k_quynh45@fpt.edu.vn,0889017520,2025-12-23 17:17:25
556,pham_n_trang58,pham_n_trang58@fpt.edu.vn,0868274186,2024-07-06 05:07:17
557,hung.lam210,hung.lam210@gmail.com,0774367735,2025-09-11 01:52:54
558,lam_t_kien33,lam_t_kien33@yahoo.com,0706146818,2025-05-26 05:44:13
559,doviethai72,doviethai72@gmail.com,0709983782,2025-06-04 00:56:59
560,hoangduyquynh71,hoangduyquynh71@outlook.com.vn,0350803711,2025-04-29 11:09:05
561,trang.ho370,trang.ho370@fpt.edu.vn,0381064938,2025-01-18 19:40:00
562,yen.hoang975,yen.hoang975@fpt.edu.vn,0884372691,2025-11-07 18:31:12
563,bui_h_quan13,bui_h_quan13@outlook.com.vn,0986278491,2024-01-14 06:43:08
564,ngo_v_nam58,ngo_v_nam58@hotmail.com,0867404881,2024-08-23 19:07:34
565,duc.bui561,duc.bui561@yahoo.com,0916833138,2024-12-27 17:26:13
566,lam_d_tuan70,lam_d_tuan70@fpt.edu.vn,0980265754,2025-09-04 07:51:24
567,phan_c_binh38,phan_c_binh38@yahoo.com,0914076073,2024-09-02 09:19:23
568,ngo_n_quan93,ngo_n_quan93@hotmail.com,0387206788,2025-02-13 03:21:57
569,duy.do930,duy.do930@outlook.com.vn,0325237677,2024-02-02 06:45:57
570,quynh.do434,quynh.do434@yahoo.com,0779712864,2024-07-10 00:10:09
571,vuducanh49,vuducanh49@fpt.edu.vn,0913116965,2024-04-29 17:44:51
572,ngohoangtuan32,ngohoangtuan32@outlook.com.vn,0917154712,2025-07-30 15:28:01
573,trang.duong545,trang.duong545@gmail.com,0866056166,2025-07-30 23:54:06
574,huy.lam960,huy.lam960@hotmail.com,0910648036,2024-01-06 18:39:30
575,hongocson92,hongocson92@fpt.edu.vn,0320228362,2025-11-01 21:54:04
576,le_k_duy86,le_k_duy86@yahoo.com,0899082876,2024-12-29 06:53:22
577,duc.nguyen366,duc.nguyen366@hotmail.com,0903016017,2024-07-30 04:52:26
578,vo_h_binh15,vo_h_binh15@yahoo.com,0901989106,2024-04-19 21:07:07
579,thao.dang757,thao.dang757@outlook.com.vn,0704571658,2024-06-14 20:03:56
580,hai.huynh607,hai.huynh607@hotmail.com,0890422539,2025-11-26 07:24:49
581,duong_n_phong97,duong_n_phong97@gmail.com,0901511436,2025-11-25 08:10:50
582,hovietthao16,hovietthao16@yahoo.com,0323240650,2024-09-08 08:20:36
583,nam.le496,nam.le496@gmail.com,0987914436,2024-12-13 20:32:50
584,dang_t_linh36,dang_t_linh36@hotmail.com,0975821065,2025-10-10 15:24:13
585,levietquan27,levietquan27@fpt.edu.vn,0384349541,2025-12-19 09:20:37
586,phan_n_mai96,phan_n_mai96@gmail.com,0978648516,2025-05-23 13:51:30
587,quynh.bui566,quynh.bui566@gmail.com,0387256641,2025-11-27 15:55:18
588,phong.ngo740,phong.ngo740@yahoo.com,0887498100,2024-04-07 14:25:38
589,hoang_n_vy99,hoang_n_vy99@outlook.com.vn,0389167794,2024-03-31 04:48:06
590,nguyenhoanghuy92,nguyenhoanghuy92@gmail.com,0381975188,2025-05-03 18:18:09
591,ho_k_kien59,ho_k_kien59@hotmail.com,0902648244,2025-07-05 01:44:10
592,duongminhquynh41,duongminhquynh41@hotmail.com,0988276163,2025-03-12 15:45:39
593,huy.hoang693,huy.hoang693@gmail.com,0889959059,2025-08-23 11:24:36
594,ngo_n_hai52,ngo_n_hai52@outlook.com.vn,0981569798,2024-07-24 00:56:14
595,son.vo464,son.vo464@gmail.com,0988050365,2025-05-05 16:34:26
596,hai.le988,hai.le988@hotmail.com,0327950762,2024-10-05 20:06:12
597,lan.bui316,lan.bui316@gmail.com,0356762676,2024-09-27 22:48:09
598,hai.le748,hai.le748@yahoo.com,0978692035,2025-01-12 12:44:06
599,bui_d_huong65,bui_d_huong65@gmail.com,0384512545,2024-10-25 12:28:40
600,trang.huynh217,trang.huynh217@fpt.edu.vn,0968211667,2024-11-14 02:04:50
601,huynh_v_tuan21,huynh_v_tuan21@outlook.com.vn,0914020744,2025-02-16 01:09:02
602,linh.ho917,linh.ho917@hotmail.com,0890094602,2025-10-14 07:48:49
603,bui_d_duy31,bui_d_duy31@yahoo.com,0965525396,2024-08-04 00:22:58
604,phanducnam95,phanducnam95@hotmail.com,0353271206,2024-10-03 05:47:15
605,huong.tran391,huong.tran391@gmail.com,0896213902,2024-04-03 04:21:46
606,buihoanganh47,buihoanganh47@yahoo.com,0861653239,2025-07-31 23:23:45
607,vuvanduc77,vuvanduc77@fpt.edu.vn,0356595311,2024-11-20 02:38:13
608,dang_n_quynh24,dang_n_quynh24@hotmail.com,0353313665,2025-01-10 20:08:08
609,huynh_v_tuan96,huynh_v_tuan96@hotmail.com,0909124239,2024-07-19 15:27:20
610,huong.bui787,huong.bui787@fpt.edu.vn,0862733247,2025-01-19 09:29:04
611,binh.hoang759,binh.hoang759@fpt.edu.vn,0975565177,2025-11-05 02:52:04
612,hoduytuan95,hoduytuan95@outlook.com.vn,0355071104,2025-03-13 17:39:01
613,danghoangthao51,danghoangthao51@hotmail.com,0977536605,2024-05-18 20:43:14
614,pham_k_mai79,pham_k_mai79@outlook.com.vn,0864921585,2024-03-07 01:28:05
615,nguyenvietyen79,nguyenvietyen79@yahoo.com,0897264290,2024-03-28 09:12:24
616,nguyen_n_vy86,nguyen_n_vy86@hotmail.com,0972010295,2025-03-21 11:50:06
617,trang.vo352,trang.vo352@outlook.com.vn,0861624341,2024-05-02 12:53:19
618,trang.vo120,trang.vo120@fpt.edu.vn,0972391094,2024-05-12 02:05:31
619,binh.do894,binh.do894@outlook.com.vn,0324438594,2025-10-19 19:33:47
620,duongthitrang94,duongthitrang94@hotmail.com,0913890162,2025-04-07 17:16:24
621,pham_k_lan80,pham_k_lan80@yahoo.com,0881077598,2024-10-21 21:29:59
622,vu_d_son44,vu_d_son44@gmail.com,0350088849,2024-10-26 05:57:16
623,quynh.do425,quynh.do425@yahoo.com,0905411422,2025-02-16 10:18:54
624,hoang_t_linh86,hoang_t_linh86@gmail.com,0912176764,2025-12-20 22:47:15
625,nam.nguyen714,nam.nguyen714@hotmail.com,0886717608,2024-04-28 01:09:29
626,quan.pham237,quan.pham237@hotmail.com,0382897440,2025-02-21 03:19:41
627,vu_v_son11,vu_v_son11@outlook.com.vn,0974484707,2025-10-13 04:10:43
628,nguyen_k_phuong94,nguyen_k_phuong94@fpt.edu.vn,0327415636,2025-09-07 07:27:34
629,leducphuong21,leducphuong21@outlook.com.vn,0882428653,2024-04-10 00:23:53
630,tran_c_trang13,tran_c_trang13@gmail.com,0975737560,2024-11-21 13:21:06
631,huong.bui573,huong.bui573@fpt.edu.vn,0383742056,2025-06-15 04:52:45
632,phanduylan99,phanduylan99@yahoo.com,0982322808,2025-12-26 01:53:30
633,vo_c_duy27,vo_c_duy27@outlook.com.vn,0885731058,2024-09-16 17:19:17
634,bui_v_quynh91,bui_v_quynh91@gmail.com,0969365836,2025-10-23 18:49:57
635,ngovietduy52,ngovietduy52@fpt.edu.vn,0976685680,2025-05-21 22:59:44
636,le_v_mai11,le_v_mai11@fpt.edu.vn,0706699166,2025-07-27 07:17:13
637,phanvietduy54,phanvietduy54@gmail.com,0777264902,2025-10-01 18:24:41
638,ngo_v_quan74,ngo_v_quan74@gmail.com,0906564455,2024-01-06 18:37:28
639,nguyen_m_nam49,nguyen_m_nam49@fpt.edu.vn,0869211429,2025-02-23 03:19:16
640,tranminhhuong51,tranminhhuong51@outlook.com.vn,0860991989,2025-12-24 23:46:23
641,hoviettuan41,hoviettuan41@yahoo.com,0986712513,2025-10-07 10:54:09
642,huynh_t_duc79,huynh_t_duc79@yahoo.com,0893778733,2024-09-19 05:59:19
643,ngongocduc86,ngongocduc86@hotmail.com,0971538462,2025-09-10 19:56:25
644,duc.tran159,duc.tran159@outlook.com.vn,0320597736,2024-03-02 20:13:34
645,nam.ho983,nam.ho983@gmail.com,0359178950,2025-01-08 23:55:37
646,lethiphong28,lethiphong28@gmail.com,0775801213,2024-07-11 12:08:36
647,nam.bui282,nam.bui282@hotmail.com,0881352858,2025-05-02 17:10:03
648,bui_k_anh21,bui_k_anh21@fpt.edu.vn,0779227867,2024-10-14 07:05:15
649,phamduyquan93,phamduyquan93@yahoo.com,0771773570,2025-09-14 10:04:47
650,ngoduythao31,ngoduythao31@fpt.edu.vn,0917165265,2024-03-05 04:33:04
651,dominhyen55,dominhyen55@fpt.edu.vn,0353728705,2024-07-25 09:07:56
652,yen.ngo192,yen.ngo192@gmail.com,0892954732,2025-05-01 13:14:37
653,tuan.pham792,tuan.pham792@gmail.com,0981629546,2024-05-05 02:29:50
654,hokhanhanh84,hokhanhanh84@hotmail.com,0914543996,2025-08-11 10:58:01
655,lamminhkien14,lamminhkien14@gmail.com,0911407337,2025-01-19 09:09:52
656,tuan.hoang774,tuan.hoang774@yahoo.com,0895447475,2025-10-07 11:27:14
657,nguyenthiyen59,nguyenthiyen59@hotmail.com,0983892672,2024-08-22 09:02:44
658,dangkhanhduc32,dangkhanhduc32@gmail.com,0915892458,2025-10-29 21:35:53
659,tuan.lam662,tuan.lam662@gmail.com,0975824719,2025-02-06 17:23:23
660,nguyen_n_binh19,nguyen_n_binh19@hotmail.com,0359202305,2025-01-19 14:57:35
661,quan.huynh399,quan.huynh399@fpt.edu.vn,0888300877,2025-04-18 23:49:47
662,phong.nguyen955,phong.nguyen955@hotmail.com,0385238371,2025-07-29 04:46:00
663,dang_v_kien89,dang_v_kien89@yahoo.com,0389715033,2024-10-21 23:28:43
664,trancamhuong80,trancamhuong80@fpt.edu.vn,0323900708,2024-03-19 06:09:34
665,phamhoangthao84,phamhoangthao84@outlook.com.vn,0707789352,2025-01-23 16:45:38
666,hoangvietlinh93,hoangvietlinh93@outlook.com.vn,0964794952,2024-01-22 20:09:17
667,thao.tran470,thao.tran470@yahoo.com,0972622298,2024-10-07 05:37:14
668,le_v_huy67,le_v_huy67@outlook.com.vn,0385610145,2024-12-22 02:24:40
669,duc.vo402,duc.vo402@yahoo.com,0984020590,2025-08-01 10:56:33
670,tran_v_linh87,tran_v_linh87@outlook.com.vn,0918993107,2025-03-21 06:50:51
671,tranngocduc12,tranngocduc12@gmail.com,0382595022,2024-10-12 13:44:43
672,phong.dang611,phong.dang611@hotmail.com,0917346936,2024-10-14 13:08:21
673,hoangduyduy68,hoangduyduy68@hotmail.com,0883573639,2025-09-07 05:17:31
674,lamminhduy83,lamminhduy83@outlook.com.vn,0965954395,2024-09-12 18:40:15
675,phuong.huynh720,phuong.huynh720@gmail.com,0917812633,2025-03-24 15:25:05
676,trankhanhhuong43,trankhanhhuong43@outlook.com.vn,0381669091,2025-03-01 08:42:52
677,binh.hoang442,binh.hoang442@outlook.com.vn,0979634151,2024-10-28 10:36:03
678,tran_n_hung86,tran_n_hung86@hotmail.com,0918103694,2025-10-15 10:43:52
679,thao.le466,thao.le466@fpt.edu.vn,0912431947,2025-12-14 08:32:45
680,phan_v_trang33,phan_v_trang33@gmail.com,0978934678,2024-08-04 09:40:31
681,hoang_n_nam70,hoang_n_nam70@gmail.com,0321719753,2024-02-20 17:45:56
682,voducduy63,voducduy63@fpt.edu.vn,0919464628,2024-09-18 15:17:29
683,anh.hoang219,anh.hoang219@fpt.edu.vn,0867506985,2024-06-28 15:45:59
684,ho_c_quan75,ho_c_quan75@gmail.com,0386881209,2024-10-04 04:27:13
685,lan.tran824,lan.tran824@outlook.com.vn,0982796711,2024-06-11 14:50:23
686,do_t_linh44,do_t_linh44@yahoo.com,0887195068,2024-03-06 18:03:36
687,phong.pham271,phong.pham271@yahoo.com,0328837543,2025-03-16 00:44:50
688,nguyenngochai50,nguyenngochai50@fpt.edu.vn,0885399379,2024-11-24 13:52:53
689,binh.do623,binh.do623@fpt.edu.vn,0327566671,2024-10-03 15:20:10
690,huynhthituan76,huynhthituan76@outlook.com.vn,0916264196,2024-09-19 22:01:53
691,duc.lam421,duc.lam421@yahoo.com,0708800424,2024-07-07 05:03:31
692,ngovanduc53,ngovanduc53@fpt.edu.vn,0770266992,2025-05-16 16:40:57
693,nguyenminhtrang39,nguyenminhtrang39@hotmail.com,0709053727,2025-04-06 16:59:47
694,lecamanh56,lecamanh56@outlook.com.vn,0350540086,2025-09-02 11:06:01
695,hoang_h_phong85,hoang_h_phong85@fpt.edu.vn,0707844405,2025-05-18 21:33:16
696,ngoducbinh20,ngoducbinh20@fpt.edu.vn,0325562084,2024-11-02 09:32:52
697,trankhanhnam73,trankhanhnam73@fpt.edu.vn,0884577480,2024-02-10 21:43:45
698,vy.pham840,vy.pham840@gmail.com,0709409942,2024-12-07 11:29:33
699,quan.ngo925,quan.ngo925@gmail.com,0358990201,2024-04-01 23:39:17
700,huong.lam435,huong.lam435@outlook.com.vn,0978137649,2025-03-03 21:25:58
701,trang.do442,trang.do442@hotmail.com,0865015612,2024-08-29 08:16:09
702,dovanmai84,dovanmai84@outlook.com.vn,0387107514,2025-06-17 11:52:01
703,duong_h_binh27,duong_h_binh27@outlook.com.vn,0389444223,2024-09-08 23:24:50
704,bui_d_duy16,bui_d_duy16@yahoo.com,0883758161,2024-01-22 18:48:33
705,thao.dang271,thao.dang271@outlook.com.vn,0320030323,2024-04-29 22:02:57
706,vy.bui829,vy.bui829@fpt.edu.vn,0382124618,2025-12-01 14:41:30
707,phan_m_mai49,phan_m_mai49@fpt.edu.vn,0773530871,2025-11-14 05:00:23
708,linh.pham468,linh.pham468@gmail.com,0387874411,2024-03-24 18:39:40
709,duc.huynh265,duc.huynh265@hotmail.com,0882740002,2025-12-08 14:29:33
710,huynh_v_linh73,huynh_v_linh73@fpt.edu.vn,0988676416,2025-07-18 14:15:43
711,phan_t_vy52,phan_t_vy52@fpt.edu.vn,0971178735,2025-09-20 11:29:17
712,huynh_n_nam87,huynh_n_nam87@fpt.edu.vn,0906395802,2025-12-27 18:06:15
713,thao.hoang123,thao.hoang123@yahoo.com,0895026692,2025-05-04 09:37:17
714,huynhcamphuong85,huynhcamphuong85@hotmail.com,0894004646,2025-03-03 12:35:11
715,quynh.huynh676,quynh.huynh676@yahoo.com,0352957212,2025-03-26 17:21:23
716,nguyen_k_anh91,nguyen_k_anh91@hotmail.com,0382787755,2024-03-05 02:05:00
717,dangvanduy37,dangvanduy37@fpt.edu.vn,0912920851,2024-08-05 05:27:08
718,phong.huynh890,phong.huynh890@outlook.com.vn,0919023068,2025-07-16 10:23:27
719,hai.duong495,hai.duong495@outlook.com.vn,0905643536,2025-01-03 15:53:01
720,nguyen_v_trang68,nguyen_v_trang68@gmail.com,0385250525,2024-12-23 03:56:38
721,phamthiquynh92,phamthiquynh92@yahoo.com,0980863053,2025-11-24 23:00:44
722,vuvannam71,vuvannam71@outlook.com.vn,0886901714,2024-04-20 08:52:45
723,le_c_phong66,le_c_phong66@yahoo.com,0771767939,2025-01-31 12:44:15
724,nam.dang428,nam.dang428@gmail.com,0322243872,2024-07-31 23:49:45
725,bui_d_anh95,bui_d_anh95@outlook.com.vn,0329894129,2024-02-01 06:09:51
726,yen.vo660,yen.vo660@outlook.com.vn,0966675143,2024-03-28 20:29:01
727,huynhvanquan13,huynhvanquan13@fpt.edu.vn,0709300492,2024-09-22 10:30:52
728,vu_t_yen51,vu_t_yen51@outlook.com.vn,0705786456,2024-03-02 10:31:24
729,phan_v_son82,phan_v_son82@yahoo.com,0326170433,2024-08-04 20:26:01
730,kien.tran862,kien.tran862@hotmail.com,0969526418,2025-08-29 10:03:37
731,dangducduy39,dangducduy39@outlook.com.vn,0706450790,2025-12-18 07:58:57
732,huy.tran591,huy.tran591@fpt.edu.vn,0882522906,2024-04-26 07:31:20
733,duong_d_hung23,duong_d_hung23@fpt.edu.vn,0969537983,2025-06-30 15:07:59
734,bui_t_lan43,bui_t_lan43@gmail.com,0961361239,2025-04-01 02:45:25
735,ngoduyduy38,ngoduyduy38@gmail.com,0987333805,2025-05-28 03:26:54
736,ho_n_mai43,ho_n_mai43@gmail.com,0912484459,2024-08-26 21:40:44
737,phong.duong654,phong.duong654@outlook.com.vn,0903761650,2024-06-06 01:39:02
738,ho_m_phong37,ho_m_phong37@fpt.edu.vn,0919654478,2024-02-28 06:20:48
739,nam.vu245,nam.vu245@hotmail.com,0325331511,2025-02-13 05:06:46
740,dovanvy43,dovanvy43@fpt.edu.vn,0895060516,2025-12-11 06:24:34
741,nguyenthianh85,nguyenthianh85@gmail.com,0901651133,2024-07-24 05:23:56
742,phamvanthao30,phamvanthao30@yahoo.com,0772303687,2024-02-01 19:43:27
743,le_m_huy60,le_m_huy60@hotmail.com,0886520800,2025-10-19 03:36:41
744,ngo_h_kien80,ngo_h_kien80@hotmail.com,0883928400,2024-12-06 16:37:24
745,nguyen_n_duy27,nguyen_n_duy27@outlook.com.vn,0907025605,2024-02-29 02:36:16
746,duong_m_phuong18,duong_m_phuong18@gmail.com,0351214310,2024-07-22 06:42:18
747,huynhminhquan50,huynhminhquan50@hotmail.com,0775017050,2025-06-11 04:02:37
748,nguyen_n_phong74,nguyen_n_phong74@gmail.com,0985593705,2024-09-24 09:29:41
749,nguyenminhnam57,nguyenminhnam57@yahoo.com,0983796764,2025-10-26 04:48:06
750,vy.duong166,vy.duong166@fpt.edu.vn,0860963140,2025-11-25 21:21:15
751,hai.duong703,hai.duong703@fpt.edu.vn,0864442106,2025-02-24 03:41:16
752,lam_d_nam35,lam_d_nam35@hotmail.com,0863895773,2025-03-13 04:50:38
753,huynh_m_vy53,huynh_m_vy53@hotmail.com,0900943952,2024-03-20 17:59:41
754,kien.nguyen507,kien.nguyen507@gmail.com,0380986028,2024-11-02 02:47:28
755,tuan.ngo394,tuan.ngo394@gmail.com,0353355536,2024-04-05 13:27:57
756,tuan.le687,tuan.le687@outlook.com.vn,0918892518,2025-01-11 22:26:52
757,hung.duong597,hung.duong597@outlook.com.vn,0701709827,2024-03-27 23:19:58
758,duongcamyen89,duongcamyen89@yahoo.com,0704541781,2024-10-09 01:22:21
759,huynhhoangtuan30,huynhhoangtuan30@outlook.com.vn,0863630120,2025-10-28 05:31:33
760,dangcamyen24,dangcamyen24@hotmail.com,0863858630,2024-06-13 10:00:04
761,ho_m_huong65,ho_m_huong65@fpt.edu.vn,0896347190,2025-05-22 10:03:15
762,thao.hoang600,thao.hoang600@hotmail.com,0985712797,2024-05-16 23:41:37
763,lamvanlan60,lamvanlan60@hotmail.com,0354187588,2024-04-05 21:37:48
764,duongngoclan84,duongngoclan84@fpt.edu.vn,0866644233,2024-03-16 15:32:08
765,phan_d_mai26,phan_d_mai26@fpt.edu.vn,0357850242,2025-04-04 06:05:04
766,phan_k_hai16,phan_k_hai16@fpt.edu.vn,0902371023,2025-09-27 11:59:18
767,leviettuan10,leviettuan10@gmail.com,0981066403,2024-10-23 14:15:14
768,duc.tran410,duc.tran410@yahoo.com,0901904709,2024-09-14 11:56:36
769,duc.nguyen115,duc.nguyen115@fpt.edu.vn,0701387993,2024-10-13 02:41:07
770,vy.le234,vy.le234@fpt.edu.vn,0704397534,2025-07-14 23:54:03
771,lam_v_anh77,lam_v_anh77@yahoo.com,0970860157,2025-09-09 17:29:21
772,hoduyhai16,hoduyhai16@gmail.com,0777631709,2025-10-07 04:03:58
773,vuvanbinh57,vuvanbinh57@hotmail.com,0383668553,2025-08-29 15:19:39
774,buivanhuong46,buivanhuong46@hotmail.com,0963497767,2024-08-28 19:22:30
775,tran_h_hai81,tran_h_hai81@fpt.edu.vn,0909234756,2025-12-03 17:11:40
776,buihoangduc57,buihoangduc57@hotmail.com,0962789433,2025-05-25 14:48:32
777,mai.ngo495,mai.ngo495@fpt.edu.vn,0383117369,2024-11-14 21:53:56
778,do_t_tuan17,do_t_tuan17@fpt.edu.vn,0860690227,2025-09-21 06:36:31
779,dangducphong96,dangducphong96@hotmail.com,0904441316,2025-10-14 21:19:31
780,buiducduy58,buiducduy58@gmail.com,0913735695,2024-05-26 23:56:49
781,vu_h_yen35,vu_h_yen35@gmail.com,0864961450,2025-06-12 19:33:52
782,leduyhuy15,leduyhuy15@gmail.com,0881661298,2025-06-09 14:33:51
783,buiduytrang92,buiduytrang92@yahoo.com,0914188419,2025-05-08 23:00:13
784,lehoanghuong65,lehoanghuong65@fpt.edu.vn,0322902173,2025-01-11 01:56:30
785,lamminhbinh67,lamminhbinh67@fpt.edu.vn,0985539958,2025-10-31 23:38:14
786,thao.do737,thao.do737@gmail.com,0328380160,2024-06-18 06:33:25
787,phanthihai33,phanthihai33@yahoo.com,0977693121,2025-05-04 18:05:26
788,vuthihuong50,vuthihuong50@yahoo.com,0322680044,2024-01-10 08:44:56
789,tranthihai97,tranthihai97@yahoo.com,0328748308,2025-01-11 06:01:07
790,ngohoanglinh84,ngohoanglinh84@outlook.com.vn,0907132387,2024-07-18 04:14:34
791,huong.nguyen643,huong.nguyen643@yahoo.com,0883129464,2025-08-10 17:33:04
792,hoang_d_kien81,hoang_d_kien81@outlook.com.vn,0887796878,2025-06-04 10:23:36
793,ngoduyduc24,ngoduyduc24@outlook.com.vn,0973521489,2024-07-13 11:18:11
794,lam_d_mai69,lam_d_mai69@gmail.com,0889797707,2025-12-26 16:36:43
795,trancamhung20,trancamhung20@yahoo.com,0892762621,2025-12-14 18:30:16
796,quan.bui897,quan.bui897@yahoo.com,0703094752,2024-02-29 20:58:05
797,voduyhuong23,voduyhuong23@fpt.edu.vn,0899932568,2025-07-02 09:48:51
798,phan_v_son27,phan_v_son27@yahoo.com,0903826896,2025-05-06 01:35:10
799,nguyenthikien77,nguyenthikien77@hotmail.com,0889252189,2025-08-24 22:53:05
800,do_c_binh24,do_c_binh24@fpt.edu.vn,0383013449,2024-04-07 18:16:57
801,lehoanghung87,lehoanghung87@fpt.edu.vn,0975571243,2024-02-19 17:22:42
802,pham_t_quan28,pham_t_quan28@yahoo.com,0707780663,2024-01-24 11:51:22
803,quan.hoang276,quan.hoang276@yahoo.com,0351408161,2024-02-14 10:45:59
804,anh.pham772,anh.pham772@hotmail.com,0354735096,2024-09-04 11:13:29
805,dangvanthao81,dangvanthao81@fpt.edu.vn,0892413559,2024-03-21 11:11:40
806,hung.bui507,hung.bui507@hotmail.com,0709299204,2025-01-02 04:55:24
807,hoducbinh61,hoducbinh61@outlook.com.vn,0906536557,2024-06-23 11:30:20
808,nguyenvietduy73,nguyenvietduy73@hotmail.com,0320365154,2024-01-22 06:32:33
809,trang.hoang564,trang.hoang564@outlook.com.vn,0902724981,2025-04-09 21:31:49
810,lamvantrang83,lamvantrang83@hotmail.com,0963268474,2025-11-25 14:13:40
811,phanminhtrang12,phanminhtrang12@gmail.com,0982160112,2025-09-19 19:50:09
812,duongthihuy19,duongthihuy19@yahoo.com,0892254491,2025-08-03 07:35:59
813,vominhduy39,vominhduy39@gmail.com,0981269009,2025-05-25 23:47:06
814,vo_h_anh20,vo_h_anh20@gmail.com,0354472991,2025-07-18 18:05:09
815,lam_d_kien52,lam_d_kien52@hotmail.com,0913907215,2024-10-21 16:23:43
816,le_n_mai73,le_n_mai73@gmail.com,0988621802,2024-04-30 11:56:24
817,lan.hoang366,lan.hoang366@outlook.com.vn,0913613826,2024-10-30 03:30:14
818,hai.duong161,hai.duong161@fpt.edu.vn,0356652959,2024-11-20 10:17:49
819,lengockien14,lengockien14@yahoo.com,0779283680,2024-12-15 04:51:06
820,buithihai40,buithihai40@yahoo.com,0322233828,2024-03-28 08:41:49
821,hoang_n_quan59,hoang_n_quan59@yahoo.com,0357496464,2025-09-03 15:55:07
822,trang.vo280,trang.vo280@outlook.com.vn,0988989514,2025-09-10 13:00:37
823,nguyen_c_phong91,nguyen_c_phong91@hotmail.com,0885136428,2024-02-14 02:02:23
824,ngocamduc46,ngocamduc46@hotmail.com,0905374815,2025-01-19 11:31:18
825,buithihuong51,buithihuong51@outlook.com.vn,0703461717,2024-01-07 01:01:05
826,vovanphong89,vovanphong89@yahoo.com,0965060431,2025-08-26 16:02:51
827,dang_h_quan83,dang_h_quan83@fpt.edu.vn,0703826863,2025-12-25 01:28:41
828,lan.do174,lan.do174@outlook.com.vn,0707820853,2025-07-14 11:44:36
829,dangkhanhtuan48,dangkhanhtuan48@yahoo.com,0972976636,2025-08-14 11:15:15
830,bui_v_kien55,bui_v_kien55@gmail.com,0895237377,2024-07-30 09:20:42
831,thao.lam338,thao.lam338@outlook.com.vn,0327695445,2024-07-01 14:16:29
832,vy.lam871,vy.lam871@outlook.com.vn,0357447554,2024-01-17 22:30:06
833,nguyenduyhuy86,nguyenduyhuy86@gmail.com,0987643011,2025-02-13 10:45:10
834,phamkhanhbinh54,phamkhanhbinh54@hotmail.com,0329505812,2025-10-02 07:39:08
835,hongockien44,hongockien44@hotmail.com,0964999932,2024-10-28 00:56:38
836,buikhanhthao62,buikhanhthao62@fpt.edu.vn,0962862179,2025-03-16 18:22:48
837,anh.pham963,anh.pham963@yahoo.com,0893048698,2025-11-20 02:10:27
838,duy.huynh322,duy.huynh322@outlook.com.vn,0985603806,2025-07-08 09:17:42
839,hung.nguyen263,hung.nguyen263@gmail.com,0967355318,2024-10-06 22:21:29
840,phong.vu537,phong.vu537@fpt.edu.vn,0975417400,2024-12-11 06:12:42
841,tranvietphuong24,tranvietphuong24@yahoo.com,0892585027,2025-11-05 13:18:08
842,dangducquynh49,dangducquynh49@hotmail.com,0773637527,2024-10-26 19:26:25
843,bui_v_phong51,bui_v_phong51@outlook.com.vn,0700112262,2024-08-24 06:38:37
844,duy.do980,duy.do980@hotmail.com,0885013088,2024-06-04 19:12:07
845,dang_v_quynh90,dang_v_quynh90@outlook.com.vn,0890669650,2024-01-22 09:15:44
846,ho_m_nam90,ho_m_nam90@outlook.com.vn,0989279899,2024-07-11 04:07:19
847,huynh_c_mai89,huynh_c_mai89@yahoo.com,0884848800,2024-11-17 19:46:40
848,do_d_phong46,do_d_phong46@hotmail.com,0779863297,2025-12-07 22:38:57
849,ho_k_vy33,ho_k_vy33@fpt.edu.vn,0777100524,2025-01-21 04:05:55
850,lam_d_tuan99,lam_d_tuan99@yahoo.com,0905972901,2024-01-20 02:17:31
851,doviettuan97,doviettuan97@outlook.com.vn,0868229291,2024-05-12 05:28:50
852,hoangcamduc87,hoangcamduc87@gmail.com,0776598462,2025-02-06 00:39:06
853,vu_t_hung49,vu_t_hung49@outlook.com.vn,0974958057,2025-07-09 20:46:42
854,tuan.le658,tuan.le658@fpt.edu.vn,0977038867,2024-03-01 03:02:15
855,pham_d_anh65,pham_d_anh65@gmail.com,0980245760,2024-06-02 18:36:32
856,le_d_kien15,le_d_kien15@gmail.com,0860779136,2025-08-24 20:56:33
857,huong.vu531,huong.vu531@fpt.edu.vn,0907389556,2024-04-27 11:52:59
858,nam.ngo716,nam.ngo716@yahoo.com,0982470054,2025-07-30 17:09:18
859,huynhducanh99,huynhducanh99@gmail.com,0968966122,2024-12-04 23:11:52
860,lamkhanhquan51,lamkhanhquan51@gmail.com,0881110192,2025-03-11 01:43:48
861,tran_d_lan15,tran_d_lan15@outlook.com.vn,0910782535,2024-07-15 13:47:04
862,hung.huynh884,hung.huynh884@outlook.com.vn,0960023232,2025-06-10 12:25:09
863,huong.dang380,huong.dang380@outlook.com.vn,0770364261,2024-12-17 17:06:56
864,bui_v_hai31,bui_v_hai31@hotmail.com,0919311992,2025-07-28 19:55:04
865,huong.tran245,huong.tran245@hotmail.com,0905708401,2024-09-15 14:59:51
866,nguyen_d_hai66,nguyen_d_hai66@yahoo.com,0708809637,2025-09-20 16:15:40
867,mai.phan122,mai.phan122@hotmail.com,0320502369,2024-05-24 04:43:38
868,linh.vo253,linh.vo253@hotmail.com,0980615431,2024-09-11 11:27:44
869,phuong.duong105,phuong.duong105@hotmail.com,0915050129,2024-04-01 11:37:01
870,levanduy81,levanduy81@hotmail.com,0356167357,2025-01-17 06:38:26
871,quynh.dang238,quynh.dang238@outlook.com.vn,0776835454,2024-09-07 14:28:52
872,vy.phan704,vy.phan704@gmail.com,0388313036,2024-11-19 10:50:46
873,phan_h_trang51,phan_h_trang51@gmail.com,0989312538,2024-10-08 19:44:25
874,phanminhmai53,phanminhmai53@fpt.edu.vn,0329415502,2024-08-24 18:23:34
875,duongduchuong92,duongduchuong92@yahoo.com,0350093902,2025-04-11 22:08:07
876,son.dang180,son.dang180@outlook.com.vn,0386351800,2025-06-01 20:17:45
877,hongoctuan77,hongoctuan77@hotmail.com,0324867855,2024-10-09 07:35:22
878,tuan.nguyen453,tuan.nguyen453@yahoo.com,0863836868,2025-09-05 21:59:56
879,vy.pham518,vy.pham518@gmail.com,0774278680,2024-01-10 20:17:14
880,yen.dang282,yen.dang282@yahoo.com,0356987518,2024-01-20 12:15:21
881,hocamlinh46,hocamlinh46@outlook.com.vn,0978380486,2024-03-09 07:01:24
882,dang_n_tuan80,dang_n_tuan80@yahoo.com,0906460267,2025-06-07 14:56:47
883,dovanduc76,dovanduc76@outlook.com.vn,0320071441,2024-04-25 11:11:51
884,huynhducbinh87,huynhducbinh87@outlook.com.vn,0896165972,2024-02-20 04:27:32
885,dang_c_lan17,dang_c_lan17@gmail.com,0984588838,2025-02-02 09:49:14
886,phanduckien55,phanduckien55@outlook.com.vn,0885020464,2025-09-18 19:32:13
887,tranducvy15,tranducvy15@gmail.com,0914587043,2025-09-11 00:39:46
888,vy.do359,vy.do359@outlook.com.vn,0889546416,2024-02-19 04:57:36
889,son.do966,son.do966@yahoo.com,0895652843,2025-12-18 23:40:17
890,phamngochung44,phamngochung44@hotmail.com,0986783333,2024-01-06 17:19:04
891,binh.phan107,binh.phan107@fpt.edu.vn,0356343463,2025-03-14 07:03:01
892,kien.ho190,kien.ho190@hotmail.com,0352428045,2025-05-15 00:05:56
893,anh.le264,anh.le264@yahoo.com,0778141790,2024-12-15 00:34:51
894,vy.vu209,vy.vu209@hotmail.com,0326626428,2024-12-19 19:59:39
895,vu_d_phuong33,vu_d_phuong33@fpt.edu.vn,0708266924,2024-11-12 08:55:24
896,ho_m_quynh48,ho_m_quynh48@outlook.com.vn,0707345829,2025-02-12 21:17:37
897,danghoangphuong14,danghoangphuong14@outlook.com.vn,0985398687,2024-09-10 16:45:06
898,duc.do849,duc.do849@gmail.com,0771585224,2024-02-04 01:51:25
899,nguyenhoangphuong46,nguyenhoangphuong46@hotmail.com,0918651568,2025-04-28 20:05:52
900,voducduy35,voducduy35@yahoo.com,0975434423,2024-04-08 10:38:17
901,ngo_n_lan39,ngo_n_lan39@hotmail.com,0779978845,2025-06-21 05:27:27
902,phan_d_duy52,phan_d_duy52@gmail.com,0980797633,2025-10-30 00:35:13
903,tranminhduc69,tranminhduc69@yahoo.com,0967410019,2025-11-25 22:10:07
904,pham_v_tuan95,pham_v_tuan95@outlook.com.vn,0772995008,2025-03-20 08:34:57
905,hoangcamlinh80,hoangcamlinh80@gmail.com,0893218201,2024-10-08 10:50:49
906,ngohoangtrang71,ngohoangtrang71@gmail.com,0985404094,2025-06-06 07:21:03
907,tranducduy40,tranducduy40@hotmail.com,0988174057,2024-02-26 06:34:22
908,quan.bui954,quan.bui954@fpt.edu.vn,0909673411,2024-11-23 11:50:15
909,dothiphong76,dothiphong76@hotmail.com,0964651496,2025-07-24 05:38:07
910,phamducnam42,phamducnam42@outlook.com.vn,0964088251,2025-07-02 21:11:15
911,duongduykien60,duongduykien60@hotmail.com,0385114006,2024-05-15 08:08:39
912,phan_d_huong90,phan_d_huong90@hotmail.com,0882046467,2025-06-19 16:49:57
913,bui_n_linh95,bui_n_linh95@gmail.com,0777773872,2025-01-12 23:05:05
914,quan.ngo273,quan.ngo273@fpt.edu.vn,0915496466,2024-08-07 09:14:21
915,quan.ho183,quan.ho183@gmail.com,0325729329,2025-04-03 22:45:03
916,huynh_v_hai31,huynh_v_hai31@hotmail.com,0971511876,2025-05-24 02:10:24
917,linh.hoang757,linh.hoang757@outlook.com.vn,0984673256,2024-01-10 20:29:56
918,pham_h_phuong24,pham_h_phuong24@outlook.com.vn,0987641411,2025-08-22 09:12:34
919,vo_t_trang45,vo_t_trang45@yahoo.com,0322188595,2025-09-24 19:32:24
920,bui_d_thao82,bui_d_thao82@gmail.com,0707138064,2024-07-21 06:48:11
921,linh.ho781,linh.ho781@gmail.com,0702675162,2024-10-14 15:44:27
922,buiminhlan62,buiminhlan62@fpt.edu.vn,0776771758,2025-09-08 05:07:11
923,huynh_n_binh12,huynh_n_binh12@hotmail.com,0969851271,2024-07-28 21:40:29
924,yen.dang818,yen.dang818@gmail.com,0892131566,2024-04-10 15:05:51
925,pham_d_phong72,pham_d_phong72@fpt.edu.vn,0980485985,2025-05-18 09:50:50
926,dominhduy66,dominhduy66@yahoo.com,0777050965,2024-02-02 19:01:41
927,bui_d_hung27,bui_d_hung27@outlook.com.vn,0384541385,2024-06-23 12:09:05
928,vy.ho429,vy.ho429@fpt.edu.vn,0353942314,2025-03-19 08:18:51
929,tran_d_tuan59,tran_d_tuan59@fpt.edu.vn,0912827565,2024-08-11 12:55:51
930,huynhvanyen62,huynhvanyen62@fpt.edu.vn,0977406108,2024-11-26 20:22:12
931,thao.le379,thao.le379@hotmail.com,0326501129,2024-01-10 16:50:03
932,lecamhuong11,lecamhuong11@fpt.edu.vn,0385564305,2024-06-05 04:24:57
933,huy.tran121,huy.tran121@hotmail.com,0773283196,2024-02-16 07:13:12
934,hoang_v_phuong94,hoang_v_phuong94@hotmail.com,0905206666,2024-01-16 23:10:29
935,lan.duong669,lan.duong669@outlook.com.vn,0888665478,2024-01-25 12:00:38
936,dangvanquynh15,dangvanquynh15@fpt.edu.vn,0919985587,2024-02-07 09:03:00
937,huy.le265,huy.le265@fpt.edu.vn,0355023456,2025-12-14 21:37:20
938,le_k_son53,le_k_son53@fpt.edu.vn,0893961480,2025-09-17 23:56:52
939,lamcamyen88,lamcamyen88@yahoo.com,0881371381,2025-12-23 11:57:33
940,duy.le627,duy.le627@fpt.edu.vn,0961520417,2025-12-13 11:53:22
941,nguyenthithao66,nguyenthithao66@outlook.com.vn,0703478014,2024-10-08 01:07:59
942,duongvietbinh88,duongvietbinh88@yahoo.com,0703064094,2024-05-02 15:07:53
943,yen.do176,yen.do176@yahoo.com,0911907258,2024-06-18 03:52:49
944,hoangminhson22,hoangminhson22@fpt.edu.vn,0704532398,2025-07-14 03:33:39
945,do_c_anh82,do_c_anh82@yahoo.com,0911023690,2025-11-26 15:17:36
946,nguyen_d_vy34,nguyen_d_vy34@hotmail.com,0979583035,2025-05-12 03:23:28
947,bui_d_son27,bui_d_son27@yahoo.com,0982346411,2024-09-01 01:34:02
948,yen.ho294,yen.ho294@fpt.edu.vn,0964739120,2025-06-28 11:56:06
949,binh.le298,binh.le298@outlook.com.vn,0706663757,2025-02-09 12:06:36
950,ngothimai86,ngothimai86@fpt.edu.vn,0867962219,2025-02-21 20:58:51
951,hoangthivy20,hoangthivy20@outlook.com.vn,0896619601,2024-08-06 10:29:50
952,huong.hoang624,huong.hoang624@gmail.com,0966724798,2025-12-08 02:55:51
953,hung.le107,hung.le107@yahoo.com,0861093217,2024-02-17 16:22:10
954,lam_v_kien37,lam_v_kien37@fpt.edu.vn,0385718688,2024-06-06 09:07:32
955,quan.ho822,quan.ho822@outlook.com.vn,0322111656,2025-03-06 04:48:04
956,phanducduy66,phanducduy66@yahoo.com,0988741105,2024-03-10 22:26:53
957,anh.le276,anh.le276@gmail.com,0863531249,2025-02-26 14:16:34
958,thao.huynh996,thao.huynh996@yahoo.com,0893073643,2025-11-09 19:37:45
959,phamkhanhphong43,phamkhanhphong43@yahoo.com,0388424540,2025-08-03 10:27:40
960,huynh_n_huong51,huynh_n_huong51@fpt.edu.vn,0911462949,2024-06-11 14:40:59
961,trang.duong658,trang.duong658@gmail.com,0900570171,2025-05-28 19:51:37
962,buithihung16,buithihung16@gmail.com,0964675649,2025-05-09 20:53:03
963,do_d_quan48,do_d_quan48@hotmail.com,0989832332,2024-12-19 17:52:17
964,huynh_d_linh15,huynh_d_linh15@outlook.com.vn,0914682806,2024-11-20 08:56:00
965,anh.nguyen974,anh.nguyen974@outlook.com.vn,0329528847,2024-04-06 17:05:51
966,tran_v_hai16,tran_v_hai16@hotmail.com,0906384953,2024-05-15 05:03:30
967,bui_d_vy91,bui_d_vy91@outlook.com.vn,0976334344,2025-01-06 08:38:23
968,tuan.vu768,tuan.vu768@yahoo.com,0704089541,2025-06-29 21:14:25
969,nguyenhoangvy95,nguyenhoangvy95@gmail.com,0985748368,2025-08-31 22:34:23
970,hai.tran832,hai.tran832@gmail.com,0356872650,2024-05-30 10:44:31
971,vu_t_vy24,vu_t_vy24@hotmail.com,0882595604,2025-08-10 03:19:21
972,duc.le731,duc.le731@hotmail.com,0982032498,2025-09-05 14:55:17
973,nguyen_n_mai18,nguyen_n_mai18@gmail.com,0966922095,2025-09-24 16:23:58
974,tranduchai86,tranduchai86@fpt.edu.vn,0386730255,2025-07-19 10:04:33
975,huynhhoangquynh19,huynhhoangquynh19@fpt.edu.vn,0894056612,2025-02-05 14:40:07
976,nguyenvietphong32,nguyenvietphong32@gmail.com,0776975137,2025-10-12 03:01:55
977,nam.do782,nam.do782@gmail.com,0973205172,2024-01-23 07:50:32
978,quynh.lam865,quynh.lam865@fpt.edu.vn,0329138820,2024-03-27 19:04:06
979,quan.bui653,quan.bui653@hotmail.com,0894900511,2024-09-18 05:19:21
980,vo_v_duy19,vo_v_duy19@outlook.com.vn,0707829687,2025-07-11 09:33:57
981,nguyenduytrang85,nguyenduytrang85@fpt.edu.vn,0328780791,2024-07-12 22:08:06
982,phan_v_tuan15,phan_v_tuan15@gmail.com,0773722824,2025-02-19 01:22:28
983,phanthihai95,phanthihai95@yahoo.com,0866098078,2024-01-25 15:35:48
984,kien.pham737,kien.pham737@yahoo.com,0325259868,2024-07-04 21:57:33
985,lam_c_lan39,lam_c_lan39@yahoo.com,0887563808,2025-12-06 18:20:05
986,trang.tran674,trang.tran674@outlook.com.vn,0771725147,2024-04-28 06:16:43
987,kien.lam973,kien.lam973@gmail.com,0700500524,2024-09-23 17:27:14
988,danghoangquan65,danghoangquan65@gmail.com,0892669624,2025-12-25 17:35:28
989,son.nguyen840,son.nguyen840@fpt.edu.vn,0883677741,2024-05-24 03:48:35
990,le_d_hai97,le_d_hai97@hotmail.com,0880464222,2025-11-14 04:57:10
991,duong_d_son46,duong_d_son46@fpt.edu.vn,0911996165,2024-07-28 22:09:47
992,nguyen_c_thao14,nguyen_c_thao14@fpt.edu.vn,0326335671,2024-04-17 15:30:47
993,huong.phan164,huong.phan164@outlook.com.vn,0775236842,2024-02-27 11:19:29
994,vu_n_kien61,vu_n_kien61@yahoo.com,0978761559,2025-07-16 04:37:37
995,do_v_hung17,do_v_hung17@hotmail.com,0983134297,2025-07-16 16:03:21
996,vy.lam772,vy.lam772@gmail.com,0861269063,2025-09-22 10:38:22
997,ho_m_yen14,ho_m_yen14@hotmail.com,0359690929,2025-05-10 00:01:57
998,huynh_d_tuan14,huynh_d_tuan14@gmail.com,0971645221,2024-12-21 22:53:44
999,kien.dang384,kien.dang384@hotmail.com,0356850868,2024-12-17 11:32:18
1000,doduyanh87,doduyanh87@hotmail.com,0910055128,2024-12-24 11:13:12
