id,name,email,tier
C00001,Customer_1,user1@example.com,VIP
C00002,Customer_2,user2@example.com,NORMAL
C00003,Customer_3,user3@example.com,NORMAL
C00004,Customer_4,user4@example.com,VIP
C00005,Customer_5,user5@example.com,NORMAL
C00006,Customer_6,user6@example.com,VIP
C00007,Customer_7,user7@example.com,NORMAL
C00008,Customer_8,user8@example.com,NORMAL
C00009,Customer_9,user9@example.com,PREMIUM
C00010,Customer_10,user10@example.com,PREMIUM
C00011,Customer_11,user11@example.com,NORMAL
C00012,Customer_12,user12@example.com,NORMAL
C00013,Customer_13,user13@example.com,PREMIUM
C00014,Customer_14,user14@example.com,VIP
C00015,Customer_15,user15@example.com,NORMAL
C00016,Customer_16,user16@example.com,PREMIUM
C00017,Customer_17,user17@example.com,PREMIUM
C00018,Customer_18,user18@example.com,NORMAL
C00019,Customer_19,user19@example.com,NORMAL
C00020,Customer_20,user20@example.com,NORMAL
C00021,Customer_21,user21@example.com,PREMIUM
C00022,Customer_22,user22@example.com,VIP
C00023,Customer_23,user23@example.com,VIP
C00024,Customer_24,user24@example.com,VIP
C00025,Customer_25,user25@example.com,PREMIUM
C00026,Customer_26,user26@example.com,PREMIUM
C00027,Customer_27,user27@example.com,PREMIUM
C00028,Customer_28,user28@example.com,NORMAL
C00029,Customer_29,user29@example.com,NORMAL
C00030,Customer_30,user30@example.com,NORMAL
C00031,Customer_31,user31@example.com,NORMAL
C00032,Customer_32,user32@example.com,PREMIUM
C00033,Customer_33,user33@example.com,NORMAL
C00034,Customer_34,user34@example.com,VIP
C00035,Customer_35,user35@example.com,VIP
C00036,Customer_36,user36@example.com,PREMIUM
C00037,Customer_37,user37@example.com,NORMAL
C00038,Customer_38,user38@example.com,PREMIUM
C00039,Customer_39,user39@example.com,PREMIUM
C00040,Customer_40,user40@example.com,PREMIUM
C00041,Customer_41,user41@example.com,NORMAL
C00042,Customer_42,user42@example.com,NORMAL
C00043,Customer_43,user43@example.com,NORMAL
C00044,Customer_44,user44@example.com,PREMIUM
C00045,Customer_45,user45@example.com,VIP
C00046,Customer_46,user46@example.com,VIP
C00047,Customer_47,user47@example.com,NORMAL
C00048,Customer_48,user48@example.com,NORMAL
C00049,Customer_49,user49@example.com,VIP
C00050,Customer_50,user50@example.com,NORMAL
C00051,Customer_51,user51@example.com,NORMAL
C00052,Customer_52,user52@example.com,VIP
C00053,Customer_53,user53@example.com,NORMAL
C00054,Customer_54,user54@example.com,PREMIUM
C00055,Customer_55,user55@example.com,PREMIUM
C00056,Customer_56,user56@example.com,PREMIUM
C00057,Customer_57,user57@example.com,PREMIUM
C00058,Customer_58,user58@example.com,VIP
C00059,Customer_59,user59@example.com,VIP
C00060,Customer_60,user60@example.com,NORMAL
C00061,Customer_61,user61@example.com,VIP
C00062,Customer_62,user62@example.com,PREMIUM
C00063,Customer_63,user63@example.com,VIP
C00064,Customer_64,user64@example.com,VIP
C00065,Customer_65,user65@example.com,NORMAL
C00066,Customer_66,user66@example.com,VIP
C00067,Customer_67,user67@example.com,NORMAL
C00068,Customer_68,user68@example.com,VIP
C00069,Customer_69,user69@example.com,PREMIUM
C00070,Customer_70,user70@example.com,PREMIUM
C00071,Customer_71,user71@example.com,NORMAL
C00072,Customer_72,user72@example.com,NORMAL
C00073,Customer_73,user73@example.com,NORMAL
C00074,Customer_74,user74@example.com,NORMAL
C00075,Customer_75,user75@example.com,PREMIUM
C00076,Customer_76,user76@example.com,VIP
C00077,Customer_77,user77@example.com,NORMAL
C00078,Customer_78,user78@example.com,VIP
C00079,Customer_79,user79@example.com,PREMIUM
C00080,Customer_80,user80@example.com,VIP
C00081,Customer_81,user81@example.com,PREMIUM
C00082,Customer_82,user82@example.com,NORMAL
C00083,Customer_83,user83@example.com,VIP
C00084,Customer_84,user84@example.com,PREMIUM
C00085,Customer_85,user85@example.com,PREMIUM
C00086,Customer_86,user86@example.com,PREMIUM
C00087,Customer_87,user87@example.com,VIP
C00088,Customer_88,user88@example.com,NORMAL
C00089,Customer_89,user89@example.com,PREMIUM
C00090,Customer_90,user90@example.com,PREMIUM
C00091,Customer_91,user91@example.com,NORMAL
C00092,Customer_92,user92@example.com,PREMIUM
C00093,Customer_93,user93@example.com,PREMIUM
C00094,Customer_94,user94@example.com,VIP
C00095,Customer_95,user95@example.com,VIP
C00096,Customer_96,user96@example.com,NORMAL
C00097,Customer_97,user97@example.com,VIP
C00098,Customer_98,user98@example.com,PREMIUM
C00099,Customer_99,user99@example.com,NORMAL
C00100,Customer_100,user100@example.com,PREMIUM
C00101,Customer_101,user101@example.com,VIP
C00102,Customer_102,user102@example.com,VIP
C00103,Customer_103,user103@example.com,NORMAL
C00104,Customer_104,user104@example.com,PREMIUM
C00105,Customer_105,user105@example.com,PREMIUM
C00106,Customer_106,user106@example.com,VIP
C00107,Customer_107,user107@example.com,VIP
C00108,Customer_108,user108@example.com,VIP
C00109,Customer_109,user109@example.com,VIP
C00110,Customer_110,user110@example.com,PREMIUM
C00111,Customer_111,user111@example.com,NORMAL
C00112,Customer_112,user112@example.com,PREMIUM
C00113,Customer_113,user113@example.com,PREMIUM
C00114,Customer_114,user114@example.com,VIP
C00115,Customer_115,user115@example.com,NORMAL
C00116,Customer_116,user116@example.com,VIP
C00117,Customer_117,user117@example.com,NORMAL
C00118,Customer_118,user118@example.com,VIP
C00119,Customer_119,user119@example.com,PREMIUM
C00120,Customer_120,user120@example.com,VIP
C00121,Customer_121,user121@example.com,NORMAL
C00122,Customer_122,user122@example.com,PREMIUM
C00123,Customer_123,user123@example.com,PREMIUM
C00124,Customer_124,user124@example.com,PREMIUM
C00125,Customer_125,user125@example.com,NORMAL
C00126,Customer_126,user126@example.com,NORMAL
C00127,Customer_127,user127@example.com,VIP
C00128,Customer_128,user128@example.com,NORMAL
C00129,Customer_129,user129@example.com,VIP
C00130,Customer_130,user130@example.com,NORMAL
C00131,Customer_131,user131@example.com,PREMIUM
C00132,Customer_132,user132@example.com,NORMAL
C00133,Customer_133,user133@example.com,PREMIUM
C00134,Customer_134,user134@example.com,PREMIUM
C00135,Customer_135,user135@example.com,PREMIUM
C00136,Customer_136,user136@example.com,NORMAL
C00137,Customer_137,user137@example.com,NORMAL
C00138,Customer_138,user138@example.com,NORMAL
C00139,Customer_139,user139@example.com,PREMIUM
C00140,Customer_140,user140@example.com,PREMIUM
C00141,Customer_141,user141@example.com,PREMIUM
C00142,Customer_142,user142@example.com,NORMAL
C00143,Customer_143,user143@example.com,PREMIUM
C00144,Customer_144,user144@example.com,VIP
C00145,Customer_145,user145@example.com,NORMAL
C00146,Customer_146,user146@example.com,NORMAL
C00147,Customer_147,user147@example.com,PREMIUM
C00148,Customer_148,user148@example.com,VIP
C00149,Customer_149,user149@example.com,PREMIUM
C00150,Customer_150,user150@example.com,NORMAL
C00151,Customer_151,user151@example.com,PREMIUM
C00152,Customer_152,user152@example.com,PREMIUM
C00153,Customer_153,user153@example.com,NORMAL
C00154,Customer_154,user154@example.com,VIP
C00155,Customer_155,user155@example.com,NORMAL
C00156,Customer_156,user156@example.com,PREMIUM
C00157,Customer_157,user157@example.com,VIP
C00158,Customer_158,user158@example.com,NORMAL
C00159,Customer_159,user159@example.com,NORMAL
C00160,Customer_160,user160@example.com,VIP
C00161,Customer_161,user161@example.com,VIP
C00162,Customer_162,user162@example.com,VIP
C00163,Customer_163,user163@example.com,NORMAL
C00164,Customer_164,user164@example.com,PREMIUM
C00165,Customer_165,user165@example.com,PREMIUM
C00166,Customer_166,user166@example.com,PREMIUM
C00167,Customer_167,user167@example.com,VIP
C00168,Customer_168,user168@example.com,VIP
C00169,Customer_169,user169@example.com,PREMIUM
C00170,Customer_170,user170@example.com,NORMAL
C00171,Customer_171,user171@example.com,NORMAL
C00172,Customer_172,user172@example.com,VIP
C00173,Customer_173,user173@example.com,NORMAL
C00174,Customer_174,user174@example.com,NORMAL
C00175,Customer_175,user175@example.com,PREMIUM
C00176,Customer_176,user176@example.com,NORMAL
C00177,Customer_177,user177@example.com,VIP
C00178,Customer_178,user178@example.com,VIP
C00179,Customer_179,user179@example.com,PREMIUM
C00180,Customer_180,user180@example.com,PREMIUM
C00181,Customer_181,user181@example.com,PREMIUM
C00182,Customer_182,user182@example.com,VIP
C00183,Customer_183,user183@example.com,VIP
C00184,Customer_184,user184@example.com,PREMIUM
C00185,Customer_185,user185@example.com,PREMIUM
C00186,Customer_186,user186@example.com,VIP
C00187,Customer_187,user187@example.com,VIP
C00188,Customer_188,user188@example.com,VIP
C00189,Customer_189,user189@example.com,NORMAL
C00190,Customer_190,user190@example.com,NORMAL
C00191,Customer_191,user191@example.com,NORMAL
C00192,Customer_192,user192@example.com,VIP
C00193,Customer_193,user193@example.com,PREMIUM
C00194,Customer_194,user194@example.com,NORMAL
C00195,Customer_195,user195@example.com,VIP
C00196,Customer_196,user196@example.com,NORMAL
C00197,Customer_197,user197@example.com,PREMIUM
C00198,Customer_198,user198@example.com,NORMAL
C00199,Customer_199,user199@example.com,VIP
C00200,Customer_200,user200@example.com,PREMIUM
C00201,Customer_201,user201@example.com,VIP
C00202,Customer_202,user202@example.com,NORMAL
C00203,Customer_203,user203@example.com,VIP
C00204,Customer_204,user204@example.com,NORMAL
C00205,Customer_205,user205@example.com,NORMAL
C00206,Customer_206,user206@example.com,NORMAL
C00207,Customer_207,user207@example.com,PREMIUM
C00208,Customer_208,user208@example.com,PREMIUM
C00209,Customer_209,user209@example.com,NORMAL
C00210,Customer_210,user210@example.com,VIP
C00211,Customer_211,user211@example.com,VIP
C00212,Customer_212,user212@example.com,NORMAL
C00213,Customer_213,user213@example.com,PREMIUM
C00214,Customer_214,user214@example.com,PREMIUM
C00215,Customer_215,user215@example.com,PREMIUM
C00216,Customer_216,user216@example.com,VIP
C00217,Customer_217,user217@example.com,VIP
C00218,Customer_218,user218@example.com,PREMIUM
C00219,Customer_219,user219@example.com,PREMIUM
C00220,Customer_220,user220@example.com,PREMIUM
C00221,Customer_221,user221@example.com,VIP
C00222,Customer_222,user222@example.com,NORMAL
C00223,Customer_223,user223@example.com,NORMAL
C00224,Customer_224,user224@example.com,PREMIUM
C00225,Customer_225,user225@example.com,VIP
C00226,Customer_226,user226@example.com,NORMAL
C00227,Customer_227,user227@example.com,NORMAL
C00228,Customer_228,user228@example.com,PREMIUM
C00229,Customer_229,user229@example.com,PREMIUM
C00230,Customer_230,user230@example.com,VIP
C00231,Customer_231,user231@example.com,VIP
C00232,Customer_232,user232@example.com,NORMAL
C00233,Customer_233,user233@example.com,PREMIUM
C00234,Customer_234,user234@example.com,VIP
C00235,Customer_235,user235@example.com,NORMAL
C00236,Customer_236,user236@example.com,NORMAL
C00237,Customer_237,user237@example.com,VIP
C00238,Customer_238,user238@example.com,PREMIUM
C00239,Customer_239,user239@example.com,VIP
C00240,Customer_240,user240@example.com,VIP
C00241,Customer_241,user241@example.com,NORMAL
C00242,Customer_242,user242@example.com,VIP
C00243,Customer_243,user243@example.com,VIP
C00244,Customer_244,user244@example.com,NORMAL
C00245,Customer_245,user245@example.com,NORMAL
C00246,Customer_246,user246@example.com,NORMAL
C00247,Customer_247,user247@example.com,PREMIUM
C00248,Customer_248,user248@example.com,PREMIUM
C00249,Customer_249,user249@example.com,NORMAL
C00250,Customer_250,user250@example.com,NORMAL
C00251,Customer_251,user251@example.com,VIP
C00252,Customer_252,user252@example.com,PREMIUM
C00253,Customer_253,user253@example.com,VIP
C00254,Customer_254,user254@example.com,VIP
C00255,Customer_255,user255@example.com,PREMIUM
C00256,Customer_256,user256@example.com,VIP
C00257,Customer_257,user257@example.com,PREMIUM
C00258,Customer_258,user258@example.com,NORMAL
C00259,Customer_259,user259@example.com,NORMAL
C00260,Customer_260,user260@example.com,VIP
C00261,Customer_261,user261@example.com,VIP
C00262,Customer_262,user262@example.com,VIP
C00263,Customer_263,user263@example.com,VIP
C00264,Customer_264,user264@example.com,NORMAL
C00265,Customer_265,user265@example.com,NORMAL
C00266,Customer_266,user266@example.com,VIP
C00267,Customer_267,user267@example.com,NORMAL
C00268,Customer_268,user268@example.com,NORMAL
C00269,Customer_269,user269@example.com,NORMAL
C00270,Customer_270,user270@example.com,NORMAL
C00271,Customer_271,user271@example.com,PREMIUM
C00272,Customer_272,user272@example.com,NORMAL
C00273,Customer_273,user273@example.com,VIP
C00274,Customer_274,user274@example.com,VIP
C00275,Customer_275,user275@example.com,NORMAL
C00276,Customer_276,user276@example.com,PREMIUM
C00277,Customer_277,user277@example.com,VIP
C00278,Customer_278,user278@example.com,VIP
C00279,Customer_279,user279@example.com,NORMAL
C00280,Customer_280,user280@example.com,PREMIUM
C00281,Customer_281,user281@example.com,NORMAL
C00282,Customer_282,user282@example.com,NORMAL
C00283,Customer_283,user283@example.com,PREMIUM
C00284,Customer_284,user284@example.com,NORMAL
C00285,Customer_285,user285@example.com,VIP
C00286,Customer_286,user286@example.com,VIP
C00287,Customer_287,user287@example.com,VIP
C00288,Customer_288,user288@example.com,PREMIUM
C00289,Customer_289,user289@example.com,NORMAL
C00290,Customer_290,user290@example.com,VIP
C00291,Customer_291,user291@example.com,VIP
C00292,Customer_292,user292@example.com,PREMIUM
C00293,Customer_293,user293@example.com,VIP
C00294,Customer_294,user294@example.com,NORMAL
C00295,Customer_295,user295@example.com,PREMIUM
C00296,Customer_296,user296@example.com,VIP
C00297,Customer_297,user297@example.com,VIP
C00298,Customer_298,user298@example.com,PREMIUM
C00299,Customer_299,user299@example.com,NORMAL
C00300,Customer_300,user300@example.com,PREMIUM
C00301,Customer_301,user301@example.com,NORMAL
C00302,Customer_302,user302@example.com,PREMIUM
C00303,Customer_303,user303@example.com,PREMIUM
C00304,Customer_304,user304@example.com,NORMAL
C00305,Customer_305,user305@example.com,NORMAL
C00306,Customer_306,user306@example.com,NORMAL
C00307,Customer_307,user307@example.com,VIP
C00308,Customer_308,user308@example.com,NORMAL
C00309,Customer_309,user309@example.com,VIP
C00310,Customer_310,user310@example.com,PREMIUM
C00311,Customer_311,user311@example.com,PREMIUM
C00312,Customer_312,user312@example.com,VIP
C00313,Customer_313,user313@example.com,NORMAL
C00314,Customer_314,user314@example.com,PREMIUM
C00315,Customer_315,user315@example.com,NORMAL
C00316,Customer_316,user316@example.com,PREMIUM
C00317,Customer_317,user317@example.com,VIP
C00318,Customer_318,user318@example.com,VIP
C00319,Customer_319,user319@example.com,PREMIUM
C00320,Customer_320,user320@example.com,PREMIUM
C00321,Customer_321,user321@example.com,PREMIUM
C00322,Customer_322,user322@example.com,VIP
C00323,Customer_323,user323@example.com,NORMAL
C00324,Customer_324,user324@example.com,PREMIUM
C00325,Customer_325,user325@example.com,VIP
C00326,Customer_326,user326@example.com,NORMAL
C00327,Customer_327,user327@example.com,NORMAL
C00328,Customer_328,user328@example.com,VIP
C00329,Customer_329,user329@example.com,PREMIUM
C00330,Customer_330,user330@example.com,NORMAL
C00331,Customer_331,user331@example.com,NORMAL
C00332,Customer_332,user332@example.com,VIP
C00333,Customer_333,user333@example.com,VIP
C00334,Customer_334,user334@example.com,VIP
C00335,Customer_335,user335@example.com,PREMIUM
C00336,Customer_336,user336@example.com,NORMAL
C00337,Customer_337,user337@example.com,NORMAL
C00338,Customer_338,user338@example.com,NORMAL
C00339,Customer_339,user339@example.com,VIP
C00340,Customer_340,user340@example.com,NORMAL
C00341,Customer_341,user341@example.com,VIP
C00342,Customer_342,user342@example.com,VIP
C00343,Customer_343,user343@example.com,VIP
C00344,Customer_344,user344@example.com,VIP
C00345,Customer_345,user345@example.com,PREMIUM
C00346,Customer_346,user346@example.com,VIP
C00347,Customer_347,user347@example.com,VIP
C00348,Customer_348,user348@example.com,PREMIUM
C00349,Customer_349,user349@example.com,NORMAL
C00350,Customer_350,user350@example.com,VIP
C00351,Customer_351,user351@example.com,VIP
C00352,Customer_352,user352@example.com,VIP
C00353,Customer_353,user353@example.com,PREMIUM
C00354,Customer_354,user354@example.com,NORMAL
C00355,Customer_355,user355@example.com,NORMAL
C00356,Customer_356,user356@example.com,VIP
C00357,Customer_357,user357@example.com,VIP
C00358,Customer_358,user358@example.com,NORMAL
C00359,Customer_359,user359@example.com,PREMIUM
C00360,Customer_360,user360@example.com,VIP
C00361,Customer_361,user361@example.com,NORMAL
C00362,Customer_362,user362@example.com,VIP
C00363,Customer_363,user363@example.com,VIP
C00364,Customer_364,user364@example.com,VIP
C00365,Customer_365,user365@example.com,VIP
C00366,Customer_366,user366@example.com,VIP
C00367,Customer_367,user367@example.com,NORMAL
C00368,Customer_368,user368@example.com,NORMAL
C00369,Customer_369,user369@example.com,VIP
C00370,Customer_370,user370@example.com,NORMAL
C00371,Customer_371,user371@example.com,NORMAL
C00372,Customer_372,user372@example.com,NORMAL
C00373,Customer_373,user373@example.com,NORMAL
C00374,Customer_374,user374@example.com,PREMIUM
C00375,Customer_375,user375@example.com,VIP
C00376,Customer_376,user376@example.com,NORMAL
C00377,Customer_377,user377@example.com,VIP
C00378,Customer_378,user378@example.com,VIP
C00379,Customer_379,user379@example.com,NORMAL
C00380,Customer_380,user380@example.com,NORMAL
C00381,Customer_381,user381@example.com,PREMIUM
C00382,Customer_382,user382@example.com,NORMAL
C00383,Customer_383,user383@example.com,PREMIUM
C00384,Customer_384,user384@example.com,VIP
C00385,Customer_385,user385@example.com,PREMIUM
C00386,Customer_386,user386@example.com,NORMAL
C00387,Customer_387,user387@example.com,VIP
C00388,Customer_388,user388@example.com,PREMIUM
C00389,Customer_389,user389@example.com,PREMIUM
C00390,Customer_390,user390@example.com,PREMIUM
C00391,Customer_391,user391@example.com,PREMIUM
C00392,Customer_392,user392@example.com,PREMIUM
C00393,Customer_393,user393@example.com,PREMIUM
C00394,Customer_394,user394@example.com,PREMIUM
C00395,Customer_395,user395@example.com,VIP
C00396,Customer_396,user396@example.com,NORMAL
C00397,Customer_397,user397@example.com,NORMAL
C00398,Customer_398,user398@example.com,NORMAL
C00399,Customer_399,user399@example.com,PREMIUM
C00400,Customer_400,user400@example.com,VIP
C00401,Customer_401,user401@example.com,VIP
C00402,Customer_402,user402@example.com,VIP
C00403,Customer_403,user403@example.com,NORMAL
C00404,Customer_404,user404@example.com,PREMIUM
C00405,Customer_405,user405@example.com,VIP
C00406,Customer_406,user406@example.com,VIP
C00407,Customer_407,user407@example.com,NORMAL
C00408,Customer_408,user408@example.com,PREMIUM
C00409,Customer_409,user409@example.com,PREMIUM
C00410,Customer_410,user410@example.com,VIP
C00411,Customer_411,user411@example.com,PREMIUM
C00412,Customer_412,user412@example.com,PREMIUM
C00413,Customer_413,user413@example.com,NORMAL
C00414,Customer_414,user414@example.com,NORMAL
C00415,Customer_415,user415@example.com,PREMIUM
C00416,Customer_416,user416@example.com,VIP
C00417,Customer_417,user417@example.com,VIP
C00418,Customer_418,user418@example.com,PREMIUM
C00419,Customer_419,user419@example.com,NORMAL
C00420,Customer_420,user420@example.com,NORMAL
C00421,Customer_421,user421@example.com,NORMAL
C00422,Customer_422,user422@example.com,NORMAL
C00423,Customer_423,user423@example.com,VIP
C00424,Customer_424,user424@example.com,VIP
C00425,Customer_425,user425@example.com,NORMAL
C00426,Customer_426,user426@example.com,PREMIUM
C00427,Customer_427,user427@example.com,PREMIUM
C00428,Customer_428,user428@example.com,NORMAL
C00429,Customer_429,user429@example.com,PREMIUM
C00430,Customer_430,user430@example.com,NORMAL
C00431,Customer_431,user431@example.com,PREMIUM
C00432,Customer_432,user432@example.com,NORMAL
C00433,Customer_433,user433@example.com,PREMIUM
C00434,Customer_434,user434@example.com,VIP
C00435,Customer_435,user435@example.com,PREMIUM
C00436,Customer_436,user436@example.com,VIP
C00437,Customer_437,user437@example.com,PREMIUM
C00438,Customer_438,user438@example.com,PREMIUM
C00439,Customer_439,user439@example.com,PREMIUM
C00440,Customer_440,user440@example.com,NORMAL
C00441,Customer_441,user441@example.com,NORMAL
C00442,Customer_442,user442@example.com,VIP
C00443,Customer_443,user443@example.com,VIP
C00444,Customer_444,user444@example.com,NORMAL
C00445,Customer_445,user445@example.com,PREMIUM
C00446,Customer_446,user446@example.com,PREMIUM
C00447,Customer_447,user447@example.com,NORMAL
C00448,Customer_448,user448@example.com,PREMIUM
C00449,Customer_449,user449@example.com,PREMIUM
C00450,Customer_450,user450@example.com,NORMAL
C00451,Customer_451,user451@example.com,NORMAL
C00452,Customer_452,user452@example.com,VIP
C00453,Customer_453,user453@example.com,PREMIUM
C00454,Customer_454,user454@example.com,VIP
C00455,Customer_455,user455@example.com,NORMAL
C00456,Customer_456,user456@example.com,NORMAL
C00457,Customer_457,user457@example.com,PREMIUM
C00458,Customer_458,user458@example.com,VIP
C00459,Customer_459,user459@example.com,VIP
C00460,Customer_460,user460@example.com,VIP
C00461,Customer_461,user461@example.com,PREMIUM
C00462,Customer_462,user462@example.com,PREMIUM
C00463,Customer_463,user463@example.com,NORMAL
C00464,Customer_464,user464@example.com,PREMIUM
C00465,Customer_465,user465@example.com,VIP
C00466,Customer_466,user466@example.com,PREMIUM
C00467,Customer_467,user467@example.com,PREMIUM
C00468,Customer_468,user468@example.com,VIP
C00469,Customer_469,user469@example.com,PREMIUM
C00470,Customer_470,user470@example.com,NORMAL
C00471,Customer_471,user471@example.com,NORMAL
C00472,Customer_472,user472@example.com,VIP
C00473,Customer_473,user473@example.com,VIP
C00474,Customer_474,user474@example.com,VIP
C00475,Customer_475,user475@example.com,VIP
C00476,Customer_476,user476@example.com,VIP
C00477,Customer_477,user477@example.com,NORMAL
C00478,Customer_478,user478@example.com,VIP
C00479,Customer_479,user479@example.com,PREMIUM
C00480,Customer_480,user480@example.com,NORMAL
C00481,Customer_481,user481@example.com,PREMIUM
C00482,Customer_482,user482@example.com,PREMIUM
C00483,Customer_483,user483@example.com,VIP
C00484,Customer_484,user484@example.com,VIP
C00485,Customer_485,user485@example.com,VIP
C00486,Customer_486,user486@example.com,VIP
C00487,Customer_487,user487@example.com,VIP
C00488,Customer_488,user488@example.com,NORMAL
C00489,Customer_489,user489@example.com,PREMIUM
C00490,Customer_490,user490@example.com,NORMAL
C00491,Customer_491,user491@example.com,PREMIUM
C00492,Customer_492,user492@example.com,NORMAL
C00493,Customer_493,user493@example.com,PREMIUM
C00494,Customer_494,user494@example.com,PREMIUM
C00495,Customer_495,user495@example.com,PREMIUM
C00496,Customer_496,user496@example.com,PREMIUM
C00497,Customer_497,user497@example.com,PREMIUM
C00498,Customer_498,user498@example.com,NORMAL
C00499,Customer_499,user499@example.com,NORMAL
C00500,Customer_500,user500@example.com,PREMIUM
C00501,Customer_501,user501@example.com,NORMAL
C00502,Customer_502,user502@example.com,PREMIUM
C00503,Customer_503,user503@example.com,PREMIUM
C00504,Customer_504,user504@example.com,PREMIUM
C00505,Customer_505,user505@example.com,NORMAL
C00506,Customer_506,user506@example.com,PREMIUM
C00507,Customer_507,user507@example.com,VIP
C00508,Customer_508,user508@example.com,VIP
C00509,Customer_509,user509@example.com,PREMIUM
C00510,Customer_510,user510@example.com,VIP
C00511,Customer_511,user511@example.com,VIP
C00512,Customer_512,user512@example.com,NORMAL
C00513,Customer_513,user513@example.com,PREMIUM
C00514,Customer_514,user514@example.com,PREMIUM
C00515,Customer_515,user515@example.com,PREMIUM
C00516,Customer_516,user516@example.com,PREMIUM
C00517,Customer_517,user517@example.com,NORMAL
C00518,Customer_518,user518@example.com,NORMAL
C00519,Customer_519,user519@example.com,PREMIUM
C00520,Customer_520,user520@example.com,VIP
C00521,Customer_521,user521@example.com,PREMIUM
C00522,Customer_522,user522@example.com,PREMIUM
C00523,Customer_523,user523@example.com,NORMAL
C00524,Customer_524,user524@example.com,PREMIUM
C00525,Customer_525,user525@example.com,PREMIUM
C00526,Customer_526,user526@example.com,NORMAL
C00527,Customer_527,user527@example.com,VIP
C00528,Customer_528,user528@example.com,NORMAL
C00529,Customer_529,user529@example.com,PREMIUM
C00530,Customer_530,user530@example.com,VIP
C00531,Customer_531,user531@example.com,VIP
C00532,Customer_532,user532@example.com,NORMAL
C00533,Customer_533,user533@example.com,NORMAL
C00534,Customer_534,user534@example.com,PREMIUM
C00535,Customer_535,user535@example.com,PREMIUM
C00536,Customer_536,user536@example.com,PREMIUM
C00537,Customer_537,user537@example.com,NORMAL
C00538,Customer_538,user538@example.com,NORMAL
C00539,Customer_539,user539@example.com,PREMIUM
C00540,Customer_540,user540@example.com,NORMAL
C00541,Customer_541,user541@example.com,VIP
C00542,Customer_542,user542@example.com,VIP
C00543,Customer_543,user543@example.com,NORMAL
C00544,Customer_544,user544@example.com,NORMAL
C00545,Customer_545,user545@example.com,NORMAL
C00546,Customer_546,user546@example.com,VIP
C00547,Customer_547,user547@example.com,NORMAL
C00548,Customer_548,user548@example.com,NORMAL
C00549,Customer_549,user549@example.com,PREMIUM
C00550,Customer_550,user550@example.com,VIP
C00551,Customer_551,user551@example.com,NORMAL
C00552,Customer_552,user552@example.com,PREMIUM
C00553,Customer_553,user553@example.com,NORMAL
C00554,Customer_554,user554@example.com,VIP
C00555,Customer_555,user555@example.com,VIP
C00556,Customer_556,user556@example.com,PREMIUM
C00557,Customer_557,user557@example.com,PREMIUM
C00558,Customer_558,user558@example.com,VIP
C00559,Customer_559,user559@example.com,NORMAL
C00560,Customer_560,user560@example.com,NORMAL
C00561,Customer_561,user561@example.com,NORMAL
C00562,Customer_562,user562@example.com,VIP
C00563,Customer_563,user563@example.com,NORMAL
C00564,Customer_564,user564@example.com,PREMIUM
C00565,Customer_565,user565@example.com,NORMAL
C00566,Customer_566,user566@example.com,PREMIUM
C00567,Customer_567,user567@example.com,NORMAL
C00568,Customer_568,user568@example.com,VIP
C00569,Customer_569,user569@example.com,NORMAL
C00570,Customer_570,user570@example.com,VIP
C00571,Customer_571,user571@example.com,PREMIUM
C00572,Customer_572,user572@example.com,VIP
C00573,Customer_573,user573@example.com,PREMIUM
C00574,Customer_574,user574@example.com,NORMAL
C00575,Customer_575,user575@example.com,NORMAL
C00576,Customer_576,user576@example.com,PREMIUM
C00577,Customer_577,user577@example.com,VIP
C00578,Customer_578,user578@example.com,VIP
C00579,Customer_579,user579@example.com,NORMAL
C00580,Customer_580,user580@example.com,PREMIUM
C00581,Customer_581,user581@example.com,PREMIUM
C00582,Customer_582,user582@example.com,PREMIUM
C00583,Customer_583,user583@example.com,VIP
C00584,Customer_584,user584@example.com,NORMAL
C00585,Customer_585,user585@example.com,PREMIUM
C00586,Customer_586,user586@example.com,VIP
C00587,Customer_587,user587@example.com,NORMAL
C00588,Customer_588,user588@example.com,NORMAL
C00589,Customer_589,user589@example.com,NORMAL
C00590,Customer_590,user590@example.com,PREMIUM
C00591,Customer_591,user591@example.com,PREMIUM
C00592,Customer_592,user592@example.com,PREMIUM
C00593,Customer_593,user593@example.com,NORMAL
C00594,Customer_594,user594@example.com,PREMIUM
C00595,Customer_595,user595@example.com,PREMIUM
C00596,Customer_596,user596@example.com,NORMAL
C00597,Customer_597,user597@example.com,VIP
C00598,Customer_598,user598@example.com,VIP
C00599,Customer_599,user599@example.com,PREMIUM
C00600,Customer_600,user600@example.com,PREMIUM
C00601,Customer_601,user601@example.com,VIP
C00602,Customer_602,user602@example.com,NORMAL
C00603,Customer_603,user603@example.com,VIP
C00604,Customer_604,user604@example.com,NORMAL
C00605,Customer_605,user605@example.com,PREMIUM
C00606,Customer_606,user606@example.com,VIP
C00607,Customer_607,user607@example.com,VIP
C00608,Customer_608,user608@example.com,NORMAL
C00609,Customer_609,user609@example.com,NORMAL
C00610,Customer_610,user610@example.com,PREMIUM
C00611,Customer_611,user611@example.com,VIP
C00612,Customer_612,user612@example.com,NORMAL
C00613,Customer_613,user613@example.com,NORMAL
C00614,Customer_614,user614@example.com,NORMAL
C00615,Customer_615,user615@example.com,VIP
C00616,Customer_616,user616@example.com,VIP
C00617,Customer_617,user617@example.com,PREMIUM
C00618,Customer_618,user618@example.com,VIP
C00619,Customer_619,user619@example.com,PREMIUM
C00620,Customer_620,user620@example.com,NORMAL
C00621,Customer_621,user621@example.com,PREMIUM
C00622,Customer_622,user622@example.com,NORMAL
C00623,Customer_623,user623@example.com,NORMAL
C00624,Customer_624,user624@example.com,VIP
C00625,Customer_625,user625@example.com,NORMAL
C00626,Customer_626,user626@example.com,NORMAL
C00627,Customer_627,user627@example.com,PREMIUM
C00628,Customer_628,user628@example.com,VIP
C00629,Customer_629,user629@example.com,PREMIUM
C00630,Customer_630,user630@example.com,NORMAL
C00631,Customer_631,user631@example.com,PREMIUM
C00632,Customer_632,user632@example.com,PREMIUM
C00633,Customer_633,user633@example.com,VIP
C00634,Customer_634,user634@example.com,VIP
C00635,Customer_635,user635@example.com,PREMIUM
C00636,Customer_636,user636@example.com,NORMAL
C00637,Customer_637,user637@example.com,VIP
C00638,Customer_638,user638@example.com,NORMAL
C00639,Customer_639,user639@example.com,VIP
C00640,Customer_640,user640@example.com,PREMIUM
C00641,Customer_641,user641@example.com,NORMAL
C00642,Customer_642,user642@example.com,PREMIUM
C00643,Customer_643,user643@example.com,NORMAL
C00644,Customer_644,user644@example.com,PREMIUM
C00645,Customer_645,user645@example.com,VIP
C00646,Customer_646,user646@example.com,VIP
C00647,Customer_647,user647@example.com,NORMAL
C00648,Customer_648,user648@example.com,NORMAL
C00649,Customer_649,user649@example.com,PREMIUM
C00650,Customer_650,user650@example.com,PREMIUM
C00651,Customer_651,user651@example.com,NORMAL
C00652,Customer_652,user652@example.com,PREMIUM
C00653,Customer_653,user653@example.com,VIP
C00654,Customer_654,user654@example.com,VIP
C00655,Customer_655,user655@example.com,PREMIUM
C00656,Customer_656,user656@example.com,VIP
C00657,Customer_657,user657@example.com,VIP
C00658,Customer_658,user658@example.com,NORMAL
C00659,Customer_659,user659@example.com,NORMAL
C00660,Customer_660,user660@example.com,PREMIUM
C00661,Customer_661,user661@example.com,NORMAL
C00662,Customer_662,user662@example.com,PREMIUM
C00663,Customer_663,user663@example.com,VIP
C00664,Customer_664,user664@example.com,VIP
C00665,Customer_665,user665@example.com,NORMAL
C00666,Customer_666,user666@example.com,PREMIUM
C00667,Customer_667,user667@example.com,VIP
C00668,Customer_668,user668@example.com,NORMAL
C00669,Customer_669,user669@example.com,PREMIUM
C00670,Customer_670,user670@example.com,VIP
C00671,Customer_671,user671@example.com,PREMIUM
C00672,Customer_672,user672@example.com,NORMAL
C00673,Customer_673,user673@example.com,NORMAL
C00674,Customer_674,user674@example.com,NORMAL
C00675,Customer_675,user675@example.com,NORMAL
C00676,Customer_676,user676@example.com,NORMAL
C00677,Customer_677,user677@example.com,NORMAL
C00678,Customer_678,user678@example.com,VIP
C00679,Customer_679,user679@example.com,NORMAL
C00680,Customer_680,user680@example.com,NORMAL
C00681,Customer_681,user681@example.com,VIP
C00682,Customer_682,user682@example.com,VIP
C00683,Customer_683,user683@example.com,NORMAL
C00684,Customer_684,user684@example.com,NORMAL
C00685,Customer_685,user685@example.com,VIP
C00686,Customer_686,user686@example.com,PREMIUM
C00687,Customer_687,user687@example.com,NORMAL
C00688,Customer_688,user688@example.com,NORMAL
C00689,Customer_689,user689@example.com,NORMAL
C00690,Customer_690,user690@example.com,VIP
C00691,Customer_691,user691@example.com,VIP
C00692,Customer_692,user692@example.com,NORMAL
C00693,Customer_693,user693@example.com,NORMAL
C00694,Customer_694,user694@example.com,VIP
C00695,Customer_695,user695@example.com,VIP
C00696,Customer_696,user696@example.com,PREMIUM
C00697,Customer_697,user697@example.com,VIP
C00698,Customer_698,user698@example.com,PREMIUM
C00699,Customer_699,user699@example.com,VIP
C00700,Customer_700,user700@example.com,NORMAL
C00701,Customer_701,user701@example.com,NORMAL
C00702,Customer_702,user702@example.com,VIP
C00703,Customer_703,user703@example.com,NORMAL
C00704,Customer_704,user704@example.com,PREMIUM
C00705,Customer_705,user705@example.com,VIP
C00706,Customer_706,user706@example.com,PREMIUM
C00707,Customer_707,user707@example.com,PREMIUM
C00708,Customer_708,user708@example.com,NORMAL
C00709,Customer_709,user709@example.com,NORMAL
C00710,Customer_710,user710@example.com,VIP
C00711,Customer_711,user711@example.com,VIP
C00712,Customer_712,user712@example.com,VIP
C00713,Customer_713,user713@example.com,VIP
C00714,Customer_714,user714@example.com,VIP
C00715,Customer_715,user715@example.com,PREMIUM
C00716,Customer_716,user716@example.com,VIP
C00717,Customer_717,user717@example.com,NORMAL
C00718,Customer_718,user718@example.com,PREMIUM
C00719,Customer_719,user719@example.com,NORMAL
C00720,Customer_720,user720@example.com,PREMIUM
C00721,Customer_721,user721@example.com,VIP
C00722,Customer_722,user722@example.com,VIP
C00723,Customer_723,user723@example.com,VIP
C00724,Customer_724,user724@example.com,PREMIUM
C00725,Customer_725,user725@example.com,VIP
C00726,Customer_726,user726@example.com,NORMAL
C00727,Customer_727,user727@example.com,NORMAL
C00728,Customer_728,user728@example.com,NORMAL
C00729,Customer_729,user729@example.com,NORMAL
C00730,Customer_730,user730@example.com,VIP
C00731,Customer_731,user731@example.com,NORMAL
C00732,Customer_732,user732@example.com,VIP
C00733,Customer_733,user733@example.com,PREMIUM
C00734,Customer_734,user734@example.com,PREMIUM
C00735,Customer_735,user735@example.com,NORMAL
C00736,Customer_736,user736@example.com,NORMAL
C00737,Customer_737,user737@example.com,VIP
C00738,Customer_738,user738@example.com,PREMIUM
C00739,Customer_739,user739@example.com,NORMAL
C00740,Customer_740,user740@example.com,PREMIUM
C00741,Customer_741,user741@example.com,NORMAL
C00742,Customer_742,user742@example.com,NORMAL
C00743,Customer_743,user743@example.com,NORMAL
C00744,Customer_744,user744@example.com,VIP
C00745,Customer_745,user745@example.com,VIP
C00746,Customer_746,user746@example.com,VIP
C00747,Customer_747,user747@example.com,VIP
C00748,Customer_748,user748@example.com,NORMAL
C00749,Customer_749,user749@example.com,VIP
C00750,Customer_750,user750@example.com,PREMIUM
C00751,Customer_751,user751@example.com,VIP
C00752,Customer_752,user752@example.com,PREMIUM
C00753,Customer_753,user753@example.com,VIP
C00754,Customer_754,user754@example.com,VIP
C00755,Customer_755,user755@example.com,NORMAL
C00756,Customer_756,user756@example.com,PREMIUM
C00757,Customer_757,user757@example.com,PREMIUM
C00758,Customer_758,user758@example.com,NORMAL
C00759,Customer_759,user759@example.com,VIP
C00760,Customer_760,user760@example.com,VIP
C00761,Customer_761,user761@example.com,VIP
C00762,Customer_762,user762@example.com,PREMIUM
C00763,Customer_763,user763@example.com,NORMAL
C00764,Customer_764,user764@example.com,VIP
C00765,Customer_765,user765@example.com,VIP
C00766,Customer_766,user766@example.com,NORMAL
C00767,Customer_767,user767@example.com,VIP
C00768,Customer_768,user768@example.com,NORMAL
C00769,Customer_769,user769@example.com,NORMAL
C00770,Customer_770,user770@example.com,NORMAL
C00771,Customer_771,user771@example.com,VIP
C00772,Customer_772,user772@example.com,VIP
C00773,Customer_773,user773@example.com,NORMAL
C00774,Customer_774,user774@example.com,PREMIUM
C00775,Customer_775,user775@example.com,VIP
C00776,Customer_776,user776@example.com,NORMAL
C00777,Customer_777,user777@example.com,NORMAL
C00778,Customer_778,user778@example.com,PREMIUM
C00779,Customer_779,user779@example.com,NORMAL
C00780,Customer_780,user780@example.com,NORMAL
C00781,Customer_781,user781@example.com,NORMAL
C00782,Customer_782,user782@example.com,PREMIUM
C00783,Customer_783,user783@example.com,PREMIUM
C00784,Customer_784,user784@example.com,NORMAL
C00785,Customer_785,user785@example.com,NORMAL
C00786,Customer_786,user786@example.com,VIP
C00787,Customer_787,user787@example.com,VIP
C00788,Customer_788,user788@example.com,PREMIUM
C00789,Customer_789,user789@example.com,VIP
C00790,Customer_790,user790@example.com,NORMAL
C00791,Customer_791,user791@example.com,NORMAL
C00792,Customer_792,user792@example.com,NORMAL
C00793,Customer_793,user793@example.com,PREMIUM
C00794,Customer_794,user794@example.com,NORMAL
C00795,Customer_795,user795@example.com,VIP
C00796,Customer_796,user796@example.com,PREMIUM
C00797,Customer_797,user797@example.com,PREMIUM
C00798,Customer_798,user798@example.com,PREMIUM
C00799,Customer_799,user799@example.com,VIP
C00800,Customer_800,user800@example.com,VIP
C00801,Customer_801,user801@example.com,NORMAL
C00802,Customer_802,user802@example.com,PREMIUM
C00803,Customer_803,user803@example.com,PREMIUM
C00804,Customer_804,user804@example.com,VIP
C00805,Customer_805,user805@example.com,VIP
C00806,Customer_806,user806@example.com,PREMIUM
C00807,Customer_807,user807@example.com,PREMIUM
C00808,Customer_808,user808@example.com,VIP
C00809,Customer_809,user809@example.com,NORMAL
C00810,Customer_810,user810@example.com,VIP
C00811,Customer_811,user811@example.com,VIP
C00812,Customer_812,user812@example.com,NORMAL
C00813,Customer_813,user813@example.com,NORMAL
C00814,Customer_814,user814@example.com,NORMAL
C00815,Customer_815,user815@example.com,VIP
C00816,Customer_816,user816@example.com,VIP
C00817,Customer_817,user817@example.com,NORMAL
C00818,Customer_818,user818@example.com,NORMAL
C00819,Customer_819,user819@example.com,VIP
C00820,Customer_820,user820@example.com,PREMIUM
C00821,Customer_821,user821@example.com,NORMAL
C00822,Customer_822,user822@example.com,NORMAL
C00823,Customer_823,user823@example.com,NORMAL
C00824,Customer_824,user824@example.com,NORMAL
C00825,Customer_825,user825@example.com,PREMIUM
C00826,Customer_826,user826@example.com,VIP
C00827,Customer_827,user827@example.com,PREMIUM
C00828,Customer_828,user828@example.com,PREMIUM
C00829,Customer_829,user829@example.com,VIP
C00830,Customer_830,user830@example.com,NORMAL
C00831,Customer_831,user831@example.com,NORMAL
C00832,Customer_832,user832@example.com,NORMAL
C00833,Customer_833,user833@example.com,VIP
C00834,Customer_834,user834@example.com,PREMIUM
C00835,Customer_835,user835@example.com,VIP
C00836,Customer_836,user836@example.com,VIP
C00837,Customer_837,user837@example.com,PREMIUM
C00838,Customer_838,user838@example.com,NORMAL
C00839,Customer_839,user839@example.com,NORMAL
C00840,Customer_840,user840@example.com,VIP
C00841,Customer_841,user841@example.com,NORMAL
C00842,Customer_842,user842@example.com,VIP
C00843,Customer_843,user843@example.com,VIP
C00844,Customer_844,user844@example.com,VIP
C00845,Customer_845,user845@example.com,NORMAL
C00846,Customer_846,user846@example.com,NORMAL
C00847,Customer_847,user847@example.com,PREMIUM
C00848,Customer_848,user848@example.com,NORMAL
C00849,Customer_849,user849@example.com,NORMAL
C00850,Customer_850,user850@example.com,VIP
C00851,Customer_851,user851@example.com,NORMAL
C00852,Customer_852,user852@example.com,NORMAL
C00853,Customer_853,user853@example.com,NORMAL
C00854,Customer_854,user854@example.com,VIP
C00855,Customer_855,user855@example.com,PREMIUM
C00856,Customer_856,user856@example.com,PREMIUM
C00857,Customer_857,user857@example.com,VIP
C00858,Customer_858,user858@example.com,NORMAL
C00859,Customer_859,user859@example.com,PREMIUM
C00860,Customer_860,user860@example.com,PREMIUM
C00861,Customer_861,user861@example.com,PREMIUM
C00862,Customer_862,user862@example.com,VIP
C00863,Customer_863,user863@example.com,NORMAL
C00864,Customer_864,user864@example.com,VIP
C00865,Customer_865,user865@example.com,PREMIUM
C00866,Customer_866,user866@example.com,NORMAL
C00867,Customer_867,user867@example.com,NORMAL
C00868,Customer_868,user868@example.com,NORMAL
C00869,Customer_869,user869@example.com,NORMAL
C00870,Customer_870,user870@example.com,PREMIUM
C00871,Customer_871,user871@example.com,PREMIUM
C00872,Customer_872,user872@example.com,NORMAL
C00873,Customer_873,user873@example.com,VIP
C00874,Customer_874,user874@example.com,VIP
C00875,Customer_875,user875@example.com,VIP
C00876,Customer_876,user876@example.com,NORMAL
C00877,Customer_877,user877@example.com,VIP
C00878,Customer_878,user878@example.com,NORMAL
C00879,Customer_879,user879@example.com,VIP
C00880,Customer_880,user880@example.com,VIP
C00881,Customer_881,user881@example.com,VIP
C00882,Customer_882,user882@example.com,PREMIUM
C00883,Customer_883,user883@example.com,PREMIUM
C00884,Customer_884,user884@example.com,NORMAL
C00885,Customer_885,user885@example.com,NORMAL
C00886,Customer_886,user886@example.com,PREMIUM
C00887,Customer_887,user887@example.com,NORMAL
C00888,Customer_888,user888@example.com,VIP
C00889,Customer_889,user889@example.com,PREMIUM
C00890,Customer_890,user890@example.com,NORMAL
C00891,Customer_891,user891@example.com,PREMIUM
C00892,Customer_892,user892@example.com,VIP
C00893,Customer_893,user893@example.com,VIP
C00894,Customer_894,user894@example.com,NORMAL
C00895,Customer_895,user895@example.com,PREMIUM
C00896,Customer_896,user896@example.com,NORMAL
C00897,Customer_897,user897@example.com,PREMIUM
C00898,Customer_898,user898@example.com,VIP
C00899,Customer_899,user899@example.com,PREMIUM
C00900,Customer_900,user900@example.com,PREMIUM
C00901,Customer_901,user901@example.com,PREMIUM
C00902,Customer_902,user902@example.com,VIP
C00903,Customer_903,user903@example.com,VIP
C00904,Customer_904,user904@example.com,VIP
C00905,Customer_905,user905@example.com,VIP
C00906,Customer_906,user906@example.com,PREMIUM
C00907,Customer_907,user907@example.com,NORMAL
C00908,Customer_908,user908@example.com,NORMAL
C00909,Customer_909,user909@example.com,VIP
C00910,Customer_910,user910@example.com,PREMIUM
C00911,Customer_911,user911@example.com,PREMIUM
C00912,Customer_912,user912@example.com,VIP
C00913,Customer_913,user913@example.com,NORMAL
C00914,Customer_914,user914@example.com,VIP
C00915,Customer_915,user915@example.com,NORMAL
C00916,Customer_916,user916@example.com,PREMIUM
C00917,Customer_917,user917@example.com,VIP
C00918,Customer_918,user918@example.com,NORMAL
C00919,Customer_919,user919@example.com,VIP
C00920,Customer_920,user920@example.com,NORMAL
C00921,Customer_921,user921@example.com,PREMIUM
C00922,Customer_922,user922@example.com,PREMIUM
C00923,Customer_923,user923@example.com,NORMAL
C00924,Customer_924,user924@example.com,VIP
C00925,Customer_925,user925@example.com,NORMAL
C00926,Customer_926,user926@example.com,VIP
C00927,Customer_927,user927@example.com,VIP
C00928,Customer_928,user928@example.com,PREMIUM
C00929,Customer_929,user929@example.com,NORMAL
C00930,Customer_930,user930@example.com,VIP
C00931,Customer_931,user931@example.com,VIP
C00932,Customer_932,user932@example.com,NORMAL
C00933,Customer_933,user933@example.com,NORMAL
C00934,Customer_934,user934@example.com,NORMAL
C00935,Customer_935,user935@example.com,VIP
C00936,Customer_936,user936@example.com,VIP
C00937,Customer_937,user937@example.com,NORMAL
C00938,Customer_938,user938@example.com,PREMIUM
C00939,Customer_939,user939@example.com,VIP
C00940,Customer_940,user940@example.com,VIP
C00941,Customer_941,user941@example.com,VIP
C00942,Customer_942,user942@example.com,PREMIUM
C00943,Customer_943,user943@example.com,PREMIUM
C00944,Customer_944,user944@example.com,NORMAL
C00945,Customer_945,user945@example.com,NORMAL
C00946,Customer_946,user946@example.com,VIP
C00947,Customer_947,user947@example.com,NORMAL
C00948,Customer_948,user948@example.com,VIP
C00949,Customer_949,user949@example.com,PREMIUM
C00950,Customer_950,user950@example.com,VIP
C00951,Customer_951,user951@example.com,PREMIUM
C00952,Customer_952,user952@example.com,PREMIUM
C00953,Customer_953,user953@example.com,PREMIUM
C00954,Customer_954,user954@example.com,NORMAL
C00955,Customer_955,user955@example.com,VIP
C00956,Customer_956,user956@example.com,NORMAL
C00957,Customer_957,user957@example.com,VIP
C00958,Customer_958,user958@example.com,PREMIUM
C00959,Customer_959,user959@example.com,PREMIUM
C00960,Customer_960,user960@example.com,VIP
C00961,Customer_961,user961@example.com,PREMIUM
C00962,Customer_962,user962@example.com,PREMIUM
C00963,Customer_963,user963@example.com,NORMAL
C00964,Customer_964,user964@example.com,NORMAL
C00965,Customer_965,user965@example.com,VIP
C00966,Customer_966,user966@example.com,PREMIUM
C00967,Customer_967,user967@example.com,NORMAL
C00968,Customer_968,user968@example.com,NORMAL
C00969,Customer_969,user969@example.com,NORMAL
C00970,Customer_970,user970@example.com,VIP
C00971,Customer_971,user971@example.com,PREMIUM
C00972,Customer_972,user972@example.com,PREMIUM
C00973,Customer_973,user973@example.com,PREMIUM
C00974,Customer_974,user974@example.com,PREMIUM
C00975,Customer_975,user975@example.com,VIP
C00976,Customer_976,user976@example.com,PREMIUM
C00977,Customer_977,user977@example.com,PREMIUM
C00978,Customer_978,user978@example.com,NORMAL
C00979,Customer_979,user979@example.com,PREMIUM
C00980,Customer_980,user980@example.com,PREMIUM
C00981,Customer_981,user981@example.com,VIP
C00982,Customer_982,user982@example.com,VIP
C00983,Customer_983,user983@example.com,VIP
C00984,Customer_984,user984@example.com,NORMAL
C00985,Customer_985,user985@example.com,VIP
C00986,Customer_986,user986@example.com,VIP
C00987,Customer_987,user987@example.com,NORMAL
C00988,Customer_988,user988@example.com,NORMAL
C00989,Customer_989,user989@example.com,NORMAL
C00990,Customer_990,user990@example.com,PREMIUM
C00991,Customer_991,user991@example.com,NORMAL
C00992,Customer_992,user992@example.com,VIP
C00993,Customer_993,user993@example.com,NORMAL
C00994,Customer_994,user994@example.com,VIP
C00995,Customer_995,user995@example.com,PREMIUM
C00996,Customer_996,user996@example.com,NORMAL
C00997,Customer_997,user997@example.com,PREMIUM
C00998,Customer_998,user998@example.com,VIP
C00999,Customer_999,user999@example.com,NORMAL
C01000,Customer_1000,user1000@example.com,NORMAL
C01001,Customer_1001,user1001@example.com,NORMAL
C01002,Customer_1002,user1002@example.com,PREMIUM
C01003,Customer_1003,user1003@example.com,PREMIUM
C01004,Customer_1004,user1004@example.com,PREMIUM
C01005,Customer_1005,user1005@example.com,PREMIUM
C01006,Customer_1006,user1006@example.com,VIP
C01007,Customer_1007,user1007@example.com,PREMIUM
C01008,Customer_1008,user1008@example.com,VIP
C01009,Customer_1009,user1009@example.com,NORMAL
C01010,Customer_1010,user1010@example.com,VIP
C01011,Customer_1011,user1011@example.com,VIP
C01012,Customer_1012,user1012@example.com,PREMIUM
C01013,Customer_1013,user1013@example.com,NORMAL
C01014,Customer_1014,user1014@example.com,NORMAL
C01015,Customer_1015,user1015@example.com,PREMIUM
C01016,Customer_1016,user1016@example.com,PREMIUM
C01017,Customer_1017,user1017@example.com,VIP
C01018,Customer_1018,user1018@example.com,NORMAL
C01019,Customer_1019,user1019@example.com,PREMIUM
C01020,Customer_1020,user1020@example.com,NORMAL
C01021,Customer_1021,user1021@example.com,VIP
C01022,Customer_1022,user1022@example.com,PREMIUM
C01023,Customer_1023,user1023@example.com,NORMAL
C01024,Customer_1024,user1024@example.com,NORMAL
C01025,Customer_1025,user1025@example.com,PREMIUM
C01026,Customer_1026,user1026@example.com,NORMAL
C01027,Customer_1027,user1027@example.com,VIP
C01028,Customer_1028,user1028@example.com,VIP
C01029,Customer_1029,user1029@example.com,NORMAL
C01030,Customer_1030,user1030@example.com,NORMAL
C01031,Customer_1031,user1031@example.com,VIP
C01032,Customer_1032,user1032@example.com,VIP
C01033,Customer_1033,user1033@example.com,NORMAL
C01034,Customer_1034,user1034@example.com,NORMAL
C01035,Customer_1035,user1035@example.com,PREMIUM
C01036,Customer_1036,user1036@example.com,PREMIUM
C01037,Customer_1037,user1037@example.com,VIP
C01038,Customer_1038,user1038@example.com,NORMAL
C01039,Customer_1039,user1039@example.com,VIP
C01040,Customer_1040,user1040@example.com,NORMAL
C01041,Customer_1041,user1041@example.com,NORMAL
C01042,Customer_1042,user1042@example.com,VIP
C01043,Customer_1043,user1043@example.com,PREMIUM
C01044,Customer_1044,user1044@example.com,VIP
C01045,Customer_1045,user1045@example.com,PREMIUM
C01046,Customer_1046,user1046@example.com,PREMIUM
C01047,Customer_1047,user1047@example.com,PREMIUM
C01048,Customer_1048,user1048@example.com,VIP
C01049,Customer_1049,user1049@example.com,PREMIUM
C01050,Customer_1050,user1050@example.com,VIP
C01051,Customer_1051,user1051@example.com,NORMAL
C01052,Customer_1052,user1052@example.com,NORMAL
C01053,Customer_1053,user1053@example.com,NORMAL
C01054,Customer_1054,user1054@example.com,VIP
C01055,Customer_1055,user1055@example.com,PREMIUM
C01056,Customer_1056,user1056@example.com,PREMIUM
C01057,Customer_1057,user1057@example.com,PREMIUM
C01058,Customer_1058,user1058@example.com,NORMAL
C01059,Customer_1059,user1059@example.com,NORMAL
C01060,Customer_1060,user1060@example.com,VIP
C01061,Customer_1061,user1061@example.com,VIP
C01062,Customer_1062,user1062@example.com,VIP
C01063,Customer_1063,user1063@example.com,NORMAL
C01064,Customer_1064,user1064@example.com,PREMIUM
C01065,Customer_1065,user1065@example.com,VIP
C01066,Customer_1066,user1066@example.com,PREMIUM
C01067,Customer_1067,user1067@example.com,NORMAL
C01068,Customer_1068,user1068@example.com,VIP
C01069,Customer_1069,user1069@example.com,PREMIUM
C01070,Customer_1070,user1070@example.com,VIP
C01071,Customer_1071,user1071@example.com,PREMIUM
C01072,Customer_1072,user1072@example.com,VIP
C01073,Customer_1073,user1073@example.com,NORMAL
C01074,Customer_1074,user1074@example.com,NORMAL
C01075,Customer_1075,user1075@example.com,NORMAL
C01076,Customer_1076,user1076@example.com,PREMIUM
C01077,Customer_1077,user1077@example.com,VIP
C01078,Customer_1078,user1078@example.com,NORMAL
C01079,Customer_1079,user1079@example.com,PREMIUM
C01080,Customer_1080,user1080@example.com,PREMIUM
C01081,Customer_1081,user1081@example.com,VIP
C01082,Customer_1082,user1082@example.com,NORMAL
C01083,Customer_1083,user1083@example.com,NORMAL
C01084,Customer_1084,user1084@example.com,NORMAL
C01085,Customer_1085,user1085@example.com,VIP
C01086,Customer_1086,user1086@example.com,NORMAL
C01087,Customer_1087,user1087@example.com,NORMAL
C01088,Customer_1088,user1088@example.com,VIP
C01089,Customer_1089,user1089@example.com,PREMIUM
C01090,Customer_1090,user1090@example.com,VIP
C01091,Customer_1091,user1091@example.com,VIP
C01092,Customer_1092,user1092@example.com,PREMIUM
C01093,Customer_1093,user1093@example.com,PREMIUM
C01094,Customer_1094,user1094@example.com,PREMIUM
C01095,Customer_1095,user1095@example.com,NORMAL
C01096,Customer_1096,user1096@example.com,PREMIUM
C01097,Customer_1097,user1097@example.com,NORMAL
C01098,Customer_1098,user1098@example.com,NORMAL
C01099,Customer_1099,user1099@example.com,NORMAL
C01100,Customer_1100,user1100@example.com,NORMAL
C01101,Customer_1101,user1101@example.com,PREMIUM
C01102,Customer_1102,user1102@example.com,NORMAL
C01103,Customer_1103,user1103@example.com,NORMAL
C01104,Customer_1104,user1104@example.com,PREMIUM
C01105,Customer_1105,user1105@example.com,PREMIUM
C01106,Customer_1106,user1106@example.com,NORMAL
C01107,Customer_1107,user1107@example.com,NORMAL
C01108,Customer_1108,user1108@example.com,NORMAL
C01109,Customer_1109,user1109@example.com,NORMAL
C01110,Customer_1110,user1110@example.com,PREMIUM
C01111,Customer_1111,user1111@example.com,NORMAL
C01112,Customer_1112,user1112@example.com,VIP
C01113,Customer_1113,user1113@example.com,VIP
C01114,Customer_1114,user1114@example.com,VIP
C01115,Customer_1115,user1115@example.com,VIP
C01116,Customer_1116,user1116@example.com,NORMAL
C01117,Customer_1117,user1117@example.com,VIP
C01118,Customer_1118,user1118@example.com,VIP
C01119,Customer_1119,user1119@example.com,PREMIUM
C01120,Customer_1120,user1120@example.com,NORMAL
C01121,Customer_1121,user1121@example.com,VIP
C01122,Customer_1122,user1122@example.com,PREMIUM
C01123,Customer_1123,user1123@example.com,VIP
C01124,Customer_1124,user1124@example.com,PREMIUM
C01125,Customer_1125,user1125@example.com,VIP
C01126,Customer_1126,user1126@example.com,PREMIUM
C01127,Customer_1127,user1127@example.com,PREMIUM
C01128,Customer_1128,user1128@example.com,PREMIUM
C01129,Customer_1129,user1129@example.com,VIP
C01130,Customer_1130,user1130@example.com,PREMIUM
C01131,Customer_1131,user1131@example.com,PREMIUM
C01132,Customer_1132,user1132@example.com,PREMIUM
C01133,Customer_1133,user1133@example.com,VIP
C01134,Customer_1134,user1134@example.com,NORMAL
C01135,Customer_1135,user1135@example.com,NORMAL
C01136,Customer_1136,user1136@example.com,PREMIUM
C01137,Customer_1137,user1137@example.com,VIP
C01138,Customer_1138,user1138@example.com,VIP
C01139,Customer_1139,user1139@example.com,VIP
C01140,Customer_1140,user1140@example.com,PREMIUM
C01141,Customer_1141,user1141@example.com,NORMAL
C01142,Customer_1142,user1142@example.com,NORMAL
C01143,Customer_1143,user1143@example.com,PREMIUM
C01144,Customer_1144,user1144@example.com,NORMAL
C01145,Customer_1145,user1145@example.com,VIP
C01146,Customer_1146,user1146@example.com,PREMIUM
C01147,Customer_1147,user1147@example.com,PREMIUM
C01148,Customer_1148,user1148@example.com,NORMAL
C01149,Customer_1149,user1149@example.com,NORMAL
C01150,Customer_1150,user1150@example.com,NORMAL
C01151,Customer_1151,user1151@example.com,VIP
C01152,Customer_1152,user1152@example.com,PREMIUM
C01153,Customer_1153,user1153@example.com,NORMAL
C01154,Customer_1154,user1154@example.com,NORMAL
C01155,Customer_1155,user1155@example.com,VIP
C01156,Customer_1156,user1156@example.com,PREMIUM
C01157,Customer_1157,user1157@example.com,PREMIUM
C01158,Customer_1158,user1158@example.com,NORMAL
C01159,Customer_1159,user1159@example.com,VIP
C01160,Customer_1160,user1160@example.com,PREMIUM
C01161,Customer_1161,user1161@example.com,PREMIUM
C01162,Customer_1162,user1162@example.com,PREMIUM
C01163,Customer_1163,user1163@example.com,NORMAL
C01164,Customer_1164,user1164@example.com,VIP
C01165,Customer_1165,user1165@example.com,VIP
C01166,Customer_1166,user1166@example.com,PREMIUM
C01167,Customer_1167,user1167@example.com,NORMAL
C01168,Customer_1168,user1168@example.com,PREMIUM
C01169,Customer_1169,user1169@example.com,VIP
C01170,Customer_1170,user1170@example.com,NORMAL
C01171,Customer_1171,user1171@example.com,NORMAL
C01172,Customer_1172,user1172@example.com,NORMAL
C01173,Customer_1173,user1173@example.com,VIP
C01174,Customer_1174,user1174@example.com,VIP
C01175,Customer_1175,user1175@example.com,NORMAL
C01176,Customer_1176,user1176@example.com,VIP
C01177,Customer_1177,user1177@example.com,VIP
C01178,Customer_1178,user1178@example.com,PREMIUM
C01179,Customer_1179,user1179@example.com,PREMIUM
C01180,Customer_1180,user1180@example.com,VIP
C01181,Customer_1181,user1181@example.com,PREMIUM
C01182,Customer_1182,user1182@example.com,VIP
C01183,Customer_1183,user1183@example.com,PREMIUM
C01184,Customer_1184,user1184@example.com,VIP
C01185,Customer_1185,user1185@example.com,PREMIUM
C01186,Customer_1186,user1186@example.com,VIP
C01187,Customer_1187,user1187@example.com,NORMAL
C01188,Customer_1188,user1188@example.com,VIP
C01189,Customer_1189,user1189@example.com,NORMAL
C01190,Customer_1190,user1190@example.com,PREMIUM
C01191,Customer_1191,user1191@example.com,PREMIUM
C01192,Customer_1192,user1192@example.com,PREMIUM
C01193,Customer_1193,user1193@example.com,PREMIUM
C01194,Customer_1194,user1194@example.com,PREMIUM
C01195,Customer_1195,user1195@example.com,PREMIUM
C01196,Customer_1196,user1196@example.com,VIP
C01197,Customer_1197,user1197@example.com,VIP
C01198,Customer_1198,user1198@example.com,NORMAL
C01199,Customer_1199,user1199@example.com,VIP
C01200,Customer_1200,user1200@example.com,VIP
C01201,Customer_1201,user1201@example.com,NORMAL
C01202,Customer_1202,user1202@example.com,NORMAL
C01203,Customer_1203,user1203@example.com,NORMAL
C01204,Customer_1204,user1204@example.com,VIP
C01205,Customer_1205,user1205@example.com,VIP
C01206,Customer_1206,user1206@example.com,NORMAL
C01207,Customer_1207,user1207@example.com,VIP
C01208,Customer_1208,user1208@example.com,PREMIUM
C01209,Customer_1209,user1209@example.com,VIP
C01210,Customer_1210,user1210@example.com,PREMIUM
C01211,Customer_1211,user1211@example.com,VIP
C01212,Customer_1212,user1212@example.com,VIP
C01213,Customer_1213,user1213@example.com,VIP
C01214,Customer_1214,user1214@example.com,NORMAL
C01215,Customer_1215,user1215@example.com,NORMAL
C01216,Customer_1216,user1216@example.com,PREMIUM
C01217,Customer_1217,user1217@example.com,VIP
C01218,Customer_1218,user1218@example.com,NORMAL
C01219,Customer_1219,user1219@example.com,NORMAL
C01220,Customer_1220,user1220@example.com,VIP
C01221,Customer_1221,user1221@example.com,VIP
C01222,Customer_1222,user1222@example.com,VIP
C01223,Customer_1223,user1223@example.com,NORMAL
C01224,Customer_1224,user1224@example.com,NORMAL
C01225,Customer_1225,user1225@example.com,NORMAL
C01226,Customer_1226,user1226@example.com,VIP
C01227,Customer_1227,user1227@example.com,NORMAL
C01228,Customer_1228,user1228@example.com,NORMAL
C01229,Customer_1229,user1229@example.com,NORMAL
C01230,Customer_1230,user1230@example.com,NORMAL
C01231,Customer_1231,user1231@example.com,PREMIUM
C01232,Customer_1232,user1232@example.com,VIP
C01233,Customer_1233,user1233@example.com,VIP
C01234,Customer_1234,user1234@example.com,VIP
C01235,Customer_1235,user1235@example.com,VIP
C01236,Customer_1236,user1236@example.com,PREMIUM
C01237,Customer_1237,user1237@example.com,VIP
C01238,Customer_1238,user1238@example.com,VIP
C01239,Customer_1239,user1239@example.com,PREMIUM
C01240,Customer_1240,user1240@example.com,PREMIUM
C01241,Customer_1241,user1241@example.com,PREMIUM
C01242,Customer_1242,user1242@example.com,NORMAL
C01243,Customer_1243,user1243@example.com,NORMAL
C01244,Customer_1244,user1244@example.com,VIP
C01245,Customer_1245,user1245@example.com,VIP
C01246,Customer_1246,user1246@example.com,NORMAL
C01247,Customer_1247,user1247@example.com,NORMAL
C01248,Customer_1248,user1248@example.com,VIP
C01249,Customer_1249,user1249@example.com,NORMAL
C01250,Customer_1250,user1250@example.com,NORMAL
C01251,Customer_1251,user1251@example.com,PREMIUM
C01252,Customer_1252,user1252@example.com,NORMAL
C01253,Customer_1253,user1253@example.com,PREMIUM
C01254,Customer_1254,user1254@example.com,PREMIUM
C01255,Customer_1255,user1255@example.com,VIP
C01256,Customer_1256,user1256@example.com,NORMAL
C01257,Customer_1257,user1257@example.com,VIP
C01258,Customer_1258,user1258@example.com,VIP
C01259,Customer_1259,user1259@example.com,PREMIUM
C01260,Customer_1260,user1260@example.com,PREMIUM
C01261,Customer_1261,user1261@example.com,PREMIUM
C01262,Customer_1262,user1262@example.com,VIP
C01263,Customer_1263,user1263@example.com,PREMIUM
C01264,Customer_1264,user1264@example.com,VIP
C01265,Customer_1265,user1265@example.com,NORMAL
C01266,Customer_1266,user1266@example.com,NORMAL
C01267,Customer_1267,user1267@example.com,NORMAL
C01268,Customer_1268,user1268@example.com,PREMIUM
C01269,Customer_1269,user1269@example.com,PREMIUM
C01270,Customer_1270,user1270@example.com,VIP
C01271,Customer_1271,user1271@example.com,PREMIUM
C01272,Customer_1272,user1272@example.com,VIP
C01273,Customer_1273,user1273@example.com,PREMIUM
C01274,Customer_1274,user1274@example.com,NORMAL
C01275,Customer_1275,user1275@example.com,VIP
C01276,Customer_1276,user1276@example.com,NORMAL
C01277,Customer_1277,user1277@example.com,VIP
C01278,Customer_1278,user1278@example.com,NORMAL
C01279,Customer_1279,user1279@example.com,VIP
C01280,Customer_1280,user1280@example.com,NORMAL
C01281,Customer_1281,user1281@example.com,NORMAL
C01282,Customer_1282,user1282@example.com,VIP
C01283,Customer_1283,user1283@example.com,VIP
C01284,Customer_1284,user1284@example.com,NORMAL
C01285,Customer_1285,user1285@example.com,PREMIUM
C01286,Customer_1286,user1286@example.com,VIP
C01287,Customer_1287,user1287@example.com,NORMAL
C01288,Customer_1288,user1288@example.com,NORMAL
C01289,Customer_1289,user1289@example.com,PREMIUM
C01290,Customer_1290,user1290@example.com,NORMAL
C01291,Customer_1291,user1291@example.com,NORMAL
C01292,Customer_1292,user1292@example.com,VIP
C01293,Customer_1293,user1293@example.com,NORMAL
C01294,Customer_1294,user1294@example.com,VIP
C01295,Customer_1295,user1295@example.com,VIP
C01296,Customer_1296,user1296@example.com,NORMAL
C01297,Customer_1297,user1297@example.com,PREMIUM
C01298,Customer_1298,user1298@example.com,PREMIUM
C01299,Customer_1299,user1299@example.com,NORMAL
C01300,Customer_1300,user1300@example.com,PREMIUM
C01301,Customer_1301,user1301@example.com,PREMIUM
C01302,Customer_1302,user1302@example.com,PREMIUM
C01303,Customer_1303,user1303@example.com,VIP
C01304,Customer_1304,user1304@example.com,VIP
C01305,Customer_1305,user1305@example.com,VIP
C01306,Customer_1306,user1306@example.com,VIP
C01307,Customer_1307,user1307@example.com,NORMAL
C01308,Customer_1308,user1308@example.com,NORMAL
C01309,Customer_1309,user1309@example.com,NORMAL
C01310,Customer_1310,user1310@example.com,VIP
C01311,Customer_1311,user1311@example.com,PREMIUM
C01312,Customer_1312,user1312@example.com,PREMIUM
C01313,Customer_1313,user1313@example.com,VIP
C01314,Customer_1314,user1314@example.com,PREMIUM
C01315,Customer_1315,user1315@example.com,VIP
C01316,Customer_1316,user1316@example.com,NORMAL
C01317,Customer_1317,user1317@example.com,NORMAL
C01318,Customer_1318,user1318@example.com,PREMIUM
C01319,Customer_1319,user1319@example.com,PREMIUM
C01320,Customer_1320,user1320@example.com,PREMIUM
C01321,Customer_1321,user1321@example.com,VIP
C01322,Customer_1322,user1322@example.com,VIP
C01323,Customer_1323,user1323@example.com,NORMAL
C01324,Customer_1324,user1324@example.com,PREMIUM
C01325,Customer_1325,user1325@example.com,PREMIUM
C01326,Customer_1326,user1326@example.com,VIP
C01327,Customer_1327,user1327@example.com,VIP
C01328,Customer_1328,user1328@example.com,PREMIUM
C01329,Customer_1329,user1329@example.com,NORMAL
C01330,Customer_1330,user1330@example.com,VIP
C01331,Customer_1331,user1331@example.com,PREMIUM
C01332,Customer_1332,user1332@example.com,VIP
C01333,Customer_1333,user1333@example.com,PREMIUM
C01334,Customer_1334,user1334@example.com,VIP
C01335,Customer_1335,user1335@example.com,NORMAL
C01336,Customer_1336,user1336@example.com,NORMAL
C01337,Customer_1337,user1337@example.com,NORMAL
C01338,Customer_1338,user1338@example.com,VIP
C01339,Customer_1339,user1339@example.com,PREMIUM
C01340,Customer_1340,user1340@example.com,PREMIUM
C01341,Customer_1341,user1341@example.com,VIP
C01342,Customer_1342,user1342@example.com,VIP
C01343,Customer_1343,user1343@example.com,PREMIUM
C01344,Customer_1344,user1344@example.com,PREMIUM
C01345,Customer_1345,user1345@example.com,PREMIUM
C01346,Customer_1346,user1346@example.com,VIP
C01347,Customer_1347,user1347@example.com,PREMIUM
C01348,Customer_1348,user1348@example.com,NORMAL
C01349,Customer_1349,user1349@example.com,VIP
C01350,Customer_1350,user1350@example.com,VIP
C01351,Customer_1351,user1351@example.com,PREMIUM
C01352,Customer_1352,user1352@example.com,VIP
C01353,Customer_1353,user1353@example.com,NORMAL
C01354,Customer_1354,user1354@example.com,PREMIUM
C01355,Customer_1355,user1355@example.com,NORMAL
C01356,Customer_1356,user1356@example.com,NORMAL
C01357,Customer_1357,user1357@example.com,PREMIUM
C01358,Customer_1358,user1358@example.com,PREMIUM
C01359,Customer_1359,user1359@example.com,VIP
C01360,Customer_1360,user1360@example.com,PREMIUM
C01361,Customer_1361,user1361@example.com,PREMIUM
C01362,Customer_1362,user1362@example.com,PREMIUM
C01363,Customer_1363,user1363@example.com,NORMAL
C01364,Customer_1364,user1364@example.com,VIP
C01365,Customer_1365,user1365@example.com,NORMAL
C01366,Customer_1366,user1366@example.com,PREMIUM
C01367,Customer_1367,user1367@example.com,VIP
C01368,Customer_1368,user1368@example.com,PREMIUM
C01369,Customer_1369,user1369@example.com,VIP
C01370,Customer_1370,user1370@example.com,PREMIUM
C01371,Customer_1371,user1371@example.com,NORMAL
C01372,Customer_1372,user1372@example.com,PREMIUM
C01373,Customer_1373,user1373@example.com,PREMIUM
C01374,Customer_1374,user1374@example.com,VIP
C01375,Customer_1375,user1375@example.com,PREMIUM
C01376,Customer_1376,user1376@example.com,NORMAL
C01377,Customer_1377,user1377@example.com,VIP
C01378,Customer_1378,user1378@example.com,NORMAL
C01379,Customer_1379,user1379@example.com,NORMAL
C01380,Customer_1380,user1380@example.com,VIP
C01381,Customer_1381,user1381@example.com,VIP
C01382,Customer_1382,user1382@example.com,NORMAL
C01383,Customer_1383,user1383@example.com,VIP
C01384,Customer_1384,user1384@example.com,VIP
C01385,Customer_1385,user1385@example.com,PREMIUM
C01386,Customer_1386,user1386@example.com,NORMAL
C01387,Customer_1387,user1387@example.com,VIP
C01388,Customer_1388,user1388@example.com,VIP
C01389,Customer_1389,user1389@example.com,VIP
C01390,Customer_1390,user1390@example.com,PREMIUM
C01391,Customer_1391,user1391@example.com,PREMIUM
C01392,Customer_1392,user1392@example.com,NORMAL
C01393,Customer_1393,user1393@example.com,NORMAL
C01394,Customer_1394,user1394@example.com,VIP
C01395,Customer_1395,user1395@example.com,NORMAL
C01396,Customer_1396,user1396@example.com,PREMIUM
C01397,Customer_1397,user1397@example.com,VIP
C01398,Customer_1398,user1398@example.com,PREMIUM
C01399,Customer_1399,user1399@example.com,NORMAL
C01400,Customer_1400,user1400@example.com,NORMAL
C01401,Customer_1401,user1401@example.com,VIP
C01402,Customer_1402,user1402@example.com,NORMAL
C01403,Customer_1403,user1403@example.com,PREMIUM
C01404,Customer_1404,user1404@example.com,NORMAL
C01405,Customer_1405,user1405@example.com,NORMAL
C01406,Customer_1406,user1406@example.com,NORMAL
C01407,Customer_1407,user1407@example.com,NORMAL
C01408,Customer_1408,user1408@example.com,NORMAL
C01409,Customer_1409,user1409@example.com,NORMAL
C01410,Customer_1410,user1410@example.com,NORMAL
C01411,Customer_1411,user1411@example.com,VIP
C01412,Customer_1412,user1412@example.com,PREMIUM
C01413,Customer_1413,user1413@example.com,VIP
C01414,Customer_1414,user1414@example.com,VIP
C01415,Customer_1415,user1415@example.com,NORMAL
C01416,Customer_1416,user1416@example.com,VIP
C01417,Customer_1417,user1417@example.com,PREMIUM
C01418,Customer_1418,user1418@example.com,PREMIUM
C01419,Customer_1419,user1419@example.com,NORMAL
C01420,Customer_1420,user1420@example.com,PREMIUM
C01421,Customer_1421,user1421@example.com,VIP
C01422,Customer_1422,user1422@example.com,PREMIUM
C01423,Customer_1423,user1423@example.com,NORMAL
C01424,Customer_1424,user1424@example.com,VIP
C01425,Customer_1425,user1425@example.com,NORMAL
C01426,Customer_1426,user1426@example.com,PREMIUM
C01427,Customer_1427,user1427@example.com,VIP
C01428,Customer_1428,user1428@example.com,PREMIUM
C01429,Customer_1429,user1429@example.com,NORMAL
C01430,Customer_1430,user1430@example.com,NORMAL
C01431,Customer_1431,user1431@example.com,NORMAL
C01432,Customer_1432,user1432@example.com,VIP
C01433,Customer_1433,user1433@example.com,NORMAL
C01434,Customer_1434,user1434@example.com,VIP
C01435,Customer_1435,user1435@example.com,VIP
C01436,Customer_1436,user1436@example.com,NORMAL
C01437,Customer_1437,user1437@example.com,NORMAL
C01438,Customer_1438,user1438@example.com,VIP
C01439,Customer_1439,user1439@example.com,PREMIUM
C01440,Customer_1440,user1440@example.com,NORMAL
C01441,Customer_1441,user1441@example.com,VIP
C01442,Customer_1442,user1442@example.com,VIP
C01443,Customer_1443,user1443@example.com,VIP
C01444,Customer_1444,user1444@example.com,PREMIUM
C01445,Customer_1445,user1445@example.com,NORMAL
C01446,Customer_1446,user1446@example.com,NORMAL
C01447,Customer_1447,user1447@example.com,PREMIUM
C01448,Customer_1448,user1448@example.com,VIP
C01449,Customer_1449,user1449@example.com,PREMIUM
C01450,Customer_1450,user1450@example.com,NORMAL
C01451,Customer_1451,user1451@example.com,VIP
C01452,Customer_1452,user1452@example.com,PREMIUM
C01453,Customer_1453,user1453@example.com,NORMAL
C01454,Customer_1454,user1454@example.com,VIP
C01455,Customer_1455,user1455@example.com,VIP
C01456,Customer_1456,user1456@example.com,VIP
C01457,Customer_1457,user1457@example.com,NORMAL
C01458,Customer_1458,user1458@example.com,VIP
C01459,Customer_1459,user1459@example.com,NORMAL
C01460,Customer_1460,user1460@example.com,VIP
C01461,Customer_1461,user1461@example.com,VIP
C01462,Customer_1462,user1462@example.com,VIP
C01463,Customer_1463,user1463@example.com,NORMAL
C01464,Customer_1464,user1464@example.com,PREMIUM
C01465,Customer_1465,user1465@example.com,NORMAL
C01466,Customer_1466,user1466@example.com,VIP
C01467,Customer_1467,user1467@example.com,VIP
C01468,Customer_1468,user1468@example.com,NORMAL
C01469,Customer_1469,user1469@example.com,PREMIUM
C01470,Customer_1470,user1470@example.com,PREMIUM
C01471,Customer_1471,user1471@example.com,NORMAL
C01472,Customer_1472,user1472@example.com,VIP
C01473,Customer_1473,user1473@example.com,NORMAL
C01474,Customer_1474,user1474@example.com,NORMAL
C01475,Customer_1475,user1475@example.com,PREMIUM
C01476,Customer_1476,user1476@example.com,PREMIUM
C01477,Customer_1477,user1477@example.com,VIP
C01478,Customer_1478,user1478@example.com,NORMAL
C01479,Customer_1479,user1479@example.com,NORMAL
C01480,Customer_1480,user1480@example.com,NORMAL
C01481,Customer_1481,user1481@example.com,PREMIUM
C01482,Customer_1482,user1482@example.com,PREMIUM
C01483,Customer_1483,user1483@example.com,VIP
C01484,Customer_1484,user1484@example.com,NORMAL
C01485,Customer_1485,user1485@example.com,NORMAL
C01486,Customer_1486,user1486@example.com,NORMAL
C01487,Customer_1487,user1487@example.com,PREMIUM
C01488,Customer_1488,user1488@example.com,PREMIUM
C01489,Customer_1489,user1489@example.com,VIP
C01490,Customer_1490,user1490@example.com,VIP
C01491,Customer_1491,user1491@example.com,NORMAL
C01492,Customer_1492,user1492@example.com,PREMIUM
C01493,Customer_1493,user1493@example.com,PREMIUM
C01494,Customer_1494,user1494@example.com,PREMIUM
C01495,Customer_1495,user1495@example.com,VIP
C01496,Customer_1496,user1496@example.com,NORMAL
C01497,Customer_1497,user1497@example.com,PREMIUM
C01498,Customer_1498,user1498@example.com,VIP
C01499,Customer_1499,user1499@example.com,VIP
C01500,Customer_1500,user1500@example.com,PREMIUM
C01501,Customer_1501,user1501@example.com,VIP
C01502,Customer_1502,user1502@example.com,VIP
C01503,Customer_1503,user1503@example.com,PREMIUM
C01504,Customer_1504,user1504@example.com,VIP
C01505,Customer_1505,user1505@example.com,NORMAL
C01506,Customer_1506,user1506@example.com,PREMIUM
C01507,Customer_1507,user1507@example.com,PREMIUM
C01508,Customer_1508,user1508@example.com,NORMAL
C01509,Customer_1509,user1509@example.com,NORMAL
C01510,Customer_1510,user1510@example.com,PREMIUM
C01511,Customer_1511,user1511@example.com,VIP
C01512,Customer_1512,user1512@example.com,NORMAL
C01513,Customer_1513,user1513@example.com,VIP
C01514,Customer_1514,user1514@example.com,VIP
C01515,Customer_1515,user1515@example.com,NORMAL
C01516,Customer_1516,user1516@example.com,VIP
C01517,Customer_1517,user1517@example.com,NORMAL
C01518,Customer_1518,user1518@example.com,VIP
C01519,Customer_1519,user1519@example.com,PREMIUM
C01520,Customer_1520,user1520@example.com,PREMIUM
C01521,Customer_1521,user1521@example.com,PREMIUM
C01522,Customer_1522,user1522@example.com,NORMAL
C01523,Customer_1523,user1523@example.com,NORMAL
C01524,Customer_1524,user1524@example.com,VIP
C01525,Customer_1525,user1525@example.com,PREMIUM
C01526,Customer_1526,user1526@example.com,VIP
C01527,Customer_1527,user1527@example.com,PREMIUM
C01528,Customer_1528,user1528@example.com,VIP
C01529,Customer_1529,user1529@example.com,PREMIUM
C01530,Customer_1530,user1530@example.com,NORMAL
C01531,Customer_1531,user1531@example.com,PREMIUM
C01532,Customer_1532,user1532@example.com,VIP
C01533,Customer_1533,user1533@example.com,NORMAL
C01534,Customer_1534,user1534@example.com,PREMIUM
C01535,Customer_1535,user1535@example.com,VIP
C01536,Customer_1536,user1536@example.com,VIP
C01537,Customer_1537,user1537@example.com,PREMIUM
C01538,Customer_1538,user1538@example.com,NORMAL
C01539,Customer_1539,user1539@example.com,VIP
C01540,Customer_1540,user1540@example.com,PREMIUM
C01541,Customer_1541,user1541@example.com,NORMAL
C01542,Customer_1542,user1542@example.com,NORMAL
C01543,Customer_1543,user1543@example.com,PREMIUM
C01544,Customer_1544,user1544@example.com,VIP
C01545,Customer_1545,user1545@example.com,PREMIUM
C01546,Customer_1546,user1546@example.com,NORMAL
C01547,Customer_1547,user1547@example.com,NORMAL
C01548,Customer_1548,user1548@example.com,PREMIUM
C01549,Customer_1549,user1549@example.com,NORMAL
C01550,Customer_1550,user1550@example.com,PREMIUM
C01551,Customer_1551,user1551@example.com,PREMIUM
C01552,Customer_1552,user1552@example.com,VIP
C01553,Customer_1553,user1553@example.com,PREMIUM
C01554,Customer_1554,user1554@example.com,NORMAL
C01555,Customer_1555,user1555@example.com,NORMAL
C01556,Customer_1556,user1556@example.com,PREMIUM
C01557,Customer_1557,user1557@example.com,NORMAL
C01558,Customer_1558,user1558@example.com,PREMIUM
C01559,Customer_1559,user1559@example.com,VIP
C01560,Customer_1560,user1560@example.com,VIP
C01561,Customer_1561,user1561@example.com,NORMAL
C01562,Customer_1562,user1562@example.com,PREMIUM
C01563,Customer_1563,user1563@example.com,VIP
C01564,Customer_1564,user1564@example.com,NORMAL
C01565,Customer_1565,user1565@example.com,PREMIUM
C01566,Customer_1566,user1566@example.com,NORMAL
C01567,Customer_1567,user1567@example.com,NORMAL
C01568,Customer_1568,user1568@example.com,PREMIUM
C01569,Customer_1569,user1569@example.com,NORMAL
C01570,Customer_1570,user1570@example.com,VIP
C01571,Customer_1571,user1571@example.com,PREMIUM
C01572,Customer_1572,user1572@example.com,PREMIUM
C01573,Customer_1573,user1573@example.com,NORMAL
C01574,Customer_1574,user1574@example.com,NORMAL
C01575,Customer_1575,user1575@example.com,PREMIUM
C01576,Customer_1576,user1576@example.com,VIP
C01577,Customer_1577,user1577@example.com,PREMIUM
C01578,Customer_1578,user1578@example.com,NORMAL
C01579,Customer_1579,user1579@example.com,VIP
C01580,Customer_1580,user1580@example.com,PREMIUM
C01581,Customer_1581,user1581@example.com,PREMIUM
C01582,Customer_1582,user1582@example.com,NORMAL
C01583,Customer_1583,user1583@example.com,NORMAL
C01584,Customer_1584,user1584@example.com,VIP
C01585,Customer_1585,user1585@example.com,VIP
C01586,Customer_1586,user1586@example.com,PREMIUM
C01587,Customer_1587,user1587@example.com,VIP
C01588,Customer_1588,user1588@example.com,VIP
C01589,Customer_1589,user1589@example.com,VIP
C01590,Customer_1590,user1590@example.com,NORMAL
C01591,Customer_1591,user1591@example.com,NORMAL
C01592,Customer_1592,user1592@example.com,NORMAL
C01593,Customer_1593,user1593@example.com,VIP
C01594,Customer_1594,user1594@example.com,VIP
C01595,Customer_1595,user1595@example.com,NORMAL
C01596,Customer_1596,user1596@example.com,PREMIUM
C01597,Customer_1597,user1597@example.com,NORMAL
C01598,Customer_1598,user1598@example.com,PREMIUM
C01599,Customer_1599,user1599@example.com,PREMIUM
C01600,Customer_1600,user1600@example.com,NORMAL
C01601,Customer_1601,user1601@example.com,VIP
C01602,Customer_1602,user1602@example.com,PREMIUM
C01603,Customer_1603,user1603@example.com,PREMIUM
C01604,Customer_1604,user1604@example.com,VIP
C01605,Customer_1605,user1605@example.com,PREMIUM
C01606,Customer_1606,user1606@example.com,VIP
C01607,Customer_1607,user1607@example.com,PREMIUM
C01608,Customer_1608,user1608@example.com,VIP
C01609,Customer_1609,user1609@example.com,PREMIUM
C01610,Customer_1610,user1610@example.com,NORMAL
C01611,Customer_1611,user1611@example.com,VIP
C01612,Customer_1612,user1612@example.com,NORMAL
C01613,Customer_1613,user1613@example.com,NORMAL
C01614,Customer_1614,user1614@example.com,NORMAL
C01615,Customer_1615,user1615@example.com,PREMIUM
C01616,Customer_1616,user1616@example.com,VIP
C01617,Customer_1617,user1617@example.com,NORMAL
C01618,Customer_1618,user1618@example.com,PREMIUM
C01619,Customer_1619,user1619@example.com,VIP
C01620,Customer_1620,user1620@example.com,VIP
C01621,Customer_1621,user1621@example.com,NORMAL
C01622,Customer_1622,user1622@example.com,PREMIUM
C01623,Customer_1623,user1623@example.com,NORMAL
C01624,Customer_1624,user1624@example.com,VIP
C01625,Customer_1625,user1625@example.com,NORMAL
C01626,Customer_1626,user1626@example.com,PREMIUM
C01627,Customer_1627,user1627@example.com,PREMIUM
C01628,Customer_1628,user1628@example.com,NORMAL
C01629,Customer_1629,user1629@example.com,VIP
C01630,Customer_1630,user1630@example.com,PREMIUM
C01631,Customer_1631,user1631@example.com,VIP
C01632,Customer_1632,user1632@example.com,NORMAL
C01633,Customer_1633,user1633@example.com,VIP
C01634,Customer_1634,user1634@example.com,NORMAL
C01635,Customer_1635,user1635@example.com,VIP
C01636,Customer_1636,user1636@example.com,VIP
C01637,Customer_1637,user1637@example.com,VIP
C01638,Customer_1638,user1638@example.com,PREMIUM
C01639,Customer_1639,user1639@example.com,PREMIUM
C01640,Customer_1640,user1640@example.com,NORMAL
C01641,Customer_1641,user1641@example.com,VIP
C01642,Customer_1642,user1642@example.com,NORMAL
C01643,Customer_1643,user1643@example.com,VIP
C01644,Customer_1644,user1644@example.com,VIP
C01645,Customer_1645,user1645@example.com,PREMIUM
C01646,Customer_1646,user1646@example.com,VIP
C01647,Customer_1647,user1647@example.com,VIP
C01648,Customer_1648,user1648@example.com,PREMIUM
C01649,Customer_1649,user1649@example.com,NORMAL
C01650,Customer_1650,user1650@example.com,VIP
C01651,Customer_1651,user1651@example.com,PREMIUM
C01652,Customer_1652,user1652@example.com,VIP
C01653,Customer_1653,user1653@example.com,NORMAL
C01654,Customer_1654,user1654@example.com,VIP
C01655,Customer_1655,user1655@example.com,PREMIUM
C01656,Customer_1656,user1656@example.com,VIP
C01657,Customer_1657,user1657@example.com,VIP
C01658,Customer_1658,user1658@example.com,PREMIUM
C01659,Customer_1659,user1659@example.com,PREMIUM
C01660,Customer_1660,user1660@example.com,PREMIUM
C01661,Customer_1661,user1661@example.com,NORMAL
C01662,Customer_1662,user1662@example.com,NORMAL
C01663,Customer_1663,user1663@example.com,VIP
C01664,Customer_1664,user1664@example.com,VIP
C01665,Customer_1665,user1665@example.com,VIP
C01666,Customer_1666,user1666@example.com,PREMIUM
C01667,Customer_1667,user1667@example.com,PREMIUM
C01668,Customer_1668,user1668@example.com,NORMAL
C01669,Customer_1669,user1669@example.com,VIP
C01670,Customer_1670,user1670@example.com,PREMIUM
C01671,Customer_1671,user1671@example.com,NORMAL
C01672,Customer_1672,user1672@example.com,PREMIUM
C01673,Customer_1673,user1673@example.com,VIP
C01674,Customer_1674,user1674@example.com,NORMAL
C01675,Customer_1675,user1675@example.com,NORMAL
C01676,Customer_1676,user1676@example.com,PREMIUM
C01677,Customer_1677,user1677@example.com,NORMAL
C01678,Customer_1678,user1678@example.com,NORMAL
C01679,Customer_1679,user1679@example.com,PREMIUM
C01680,Customer_1680,user1680@example.com,VIP
C01681,Customer_1681,user1681@example.com,VIP
C01682,Customer_1682,user1682@example.com,PREMIUM
C01683,Customer_1683,user1683@example.com,VIP
C01684,Customer_1684,user1684@example.com,NORMAL
C01685,Customer_1685,user1685@example.com,VIP
C01686,Customer_1686,user1686@example.com,PREMIUM
C01687,Customer_1687,user1687@example.com,VIP
C01688,Customer_1688,user1688@example.com,VIP
C01689,Customer_1689,user1689@example.com,NORMAL
C01690,Customer_1690,user1690@example.com,NORMAL
C01691,Customer_1691,user1691@example.com,VIP
C01692,Customer_1692,user1692@example.com,NORMAL
C01693,Customer_1693,user1693@example.com,PREMIUM
C01694,Customer_1694,user1694@example.com,PREMIUM
C01695,Customer_1695,user1695@example.com,PREMIUM
C01696,Customer_1696,user1696@example.com,PREMIUM
C01697,Customer_1697,user1697@example.com,PREMIUM
C01698,Customer_1698,user1698@example.com,NORMAL
C01699,Customer_1699,user1699@example.com,VIP
C01700,Customer_1700,user1700@example.com,PREMIUM
C01701,Customer_1701,user1701@example.com,VIP
C01702,Customer_1702,user1702@example.com,PREMIUM
C01703,Customer_1703,user1703@example.com,VIP
C01704,Customer_1704,user1704@example.com,VIP
C01705,Customer_1705,user1705@example.com,PREMIUM
C01706,Customer_1706,user1706@example.com,PREMIUM
C01707,Customer_1707,user1707@example.com,VIP
C01708,Customer_1708,user1708@example.com,PREMIUM
C01709,Customer_1709,user1709@example.com,PREMIUM
C01710,Customer_1710,user1710@example.com,PREMIUM
C01711,Customer_1711,user1711@example.com,PREMIUM
C01712,Customer_1712,user1712@example.com,NORMAL
C01713,Customer_1713,user1713@example.com,VIP
C01714,Customer_1714,user1714@example.com,PREMIUM
C01715,Customer_1715,user1715@example.com,VIP
C01716,Customer_1716,user1716@example.com,PREMIUM
C01717,Customer_1717,user1717@example.com,NORMAL
C01718,Customer_1718,user1718@example.com,PREMIUM
C01719,Customer_1719,user1719@example.com,VIP
C01720,Customer_1720,user1720@example.com,VIP
C01721,Customer_1721,user1721@example.com,PREMIUM
C01722,Customer_1722,user1722@example.com,NORMAL
C01723,Customer_1723,user1723@example.com,NORMAL
C01724,Customer_1724,user1724@example.com,VIP
C01725,Customer_1725,user1725@example.com,PREMIUM
C01726,Customer_1726,user1726@example.com,VIP
C01727,Customer_1727,user1727@example.com,VIP
C01728,Customer_1728,user1728@example.com,NORMAL
C01729,Customer_1729,user1729@example.com,NORMAL
C01730,Customer_1730,user1730@example.com,PREMIUM
C01731,Customer_1731,user1731@example.com,NORMAL
C01732,Customer_1732,user1732@example.com,NORMAL
C01733,Customer_1733,user1733@example.com,PREMIUM
C01734,Customer_1734,user1734@example.com,PREMIUM
C01735,Customer_1735,user1735@example.com,VIP
C01736,Customer_1736,user1736@example.com,NORMAL
C01737,Customer_1737,user1737@example.com,NORMAL
C01738,Customer_1738,user1738@example.com,PREMIUM
C01739,Customer_1739,user1739@example.com,VIP
C01740,Customer_1740,user1740@example.com,VIP
C01741,Customer_1741,user1741@example.com,VIP
C01742,Customer_1742,user1742@example.com,PREMIUM
C01743,Customer_1743,user1743@example.com,NORMAL
C01744,Customer_1744,user1744@example.com,NORMAL
C01745,Customer_1745,user1745@example.com,PREMIUM
C01746,Customer_1746,user1746@example.com,VIP
C01747,Customer_1747,user1747@example.com,PREMIUM
C01748,Customer_1748,user1748@example.com,NORMAL
C01749,Customer_1749,user1749@example.com,PREMIUM
C01750,Customer_1750,user1750@example.com,VIP
C01751,Customer_1751,user1751@example.com,VIP
C01752,Customer_1752,user1752@example.com,PREMIUM
C01753,Customer_1753,user1753@example.com,NORMAL
C01754,Customer_1754,user1754@example.com,PREMIUM
C01755,Customer_1755,user1755@example.com,PREMIUM
C01756,Customer_1756,user1756@example.com,VIP
C01757,Customer_1757,user1757@example.com,NORMAL
C01758,Customer_1758,user1758@example.com,PREMIUM
C01759,Customer_1759,user1759@example.com,VIP
C01760,Customer_1760,user1760@example.com,NORMAL
C01761,Customer_1761,user1761@example.com,VIP
C01762,Customer_1762,user1762@example.com,VIP
C01763,Customer_1763,user1763@example.com,PREMIUM
C01764,Customer_1764,user1764@example.com,NORMAL
C01765,Customer_1765,user1765@example.com,PREMIUM
C01766,Customer_1766,user1766@example.com,VIP
C01767,Customer_1767,user1767@example.com,VIP
C01768,Customer_1768,user1768@example.com,PREMIUM
C01769,Customer_1769,user1769@example.com,NORMAL
C01770,Customer_1770,user1770@example.com,PREMIUM
C01771,Customer_1771,user1771@example.com,NORMAL
C01772,Customer_1772,user1772@example.com,VIP
C01773,Customer_1773,user1773@example.com,VIP
C01774,Customer_1774,user1774@example.com,VIP
C01775,Customer_1775,user1775@example.com,NORMAL
C01776,Customer_1776,user1776@example.com,PREMIUM
C01777,Customer_1777,user1777@example.com,VIP
C01778,Customer_1778,user1778@example.com,VIP
C01779,Customer_1779,user1779@example.com,NORMAL
C01780,Customer_1780,user1780@example.com,PREMIUM
C01781,Customer_1781,user1781@example.com,PREMIUM
C01782,Customer_1782,user1782@example.com,NORMAL
C01783,Customer_1783,user1783@example.com,VIP
C01784,Customer_1784,user1784@example.com,PREMIUM
C01785,Customer_1785,user1785@example.com,VIP
C01786,Customer_1786,user1786@example.com,PREMIUM
C01787,Customer_1787,user1787@example.com,NORMAL
C01788,Customer_1788,user1788@example.com,VIP
C01789,Customer_1789,user1789@example.com,VIP
C01790,Customer_1790,user1790@example.com,NORMAL
C01791,Customer_1791,user1791@example.com,VIP
C01792,Customer_1792,user1792@example.com,NORMAL
C01793,Customer_1793,user1793@example.com,PREMIUM
C01794,Customer_1794,user1794@example.com,VIP
C01795,Customer_1795,user1795@example.com,NORMAL
C01796,Customer_1796,user1796@example.com,NORMAL
C01797,Customer_1797,user1797@example.com,VIP
C01798,Customer_1798,user1798@example.com,NORMAL
C01799,Customer_1799,user1799@example.com,NORMAL
C01800,Customer_1800,user1800@example.com,PREMIUM
C01801,Customer_1801,user1801@example.com,PREMIUM
C01802,Customer_1802,user1802@example.com,NORMAL
C01803,Customer_1803,user1803@example.com,VIP
C01804,Customer_1804,user1804@example.com,VIP
C01805,Customer_1805,user1805@example.com,VIP
C01806,Customer_1806,user1806@example.com,VIP
C01807,Customer_1807,user1807@example.com,VIP
C01808,Customer_1808,user1808@example.com,NORMAL
C01809,Customer_1809,user1809@example.com,PREMIUM
C01810,Customer_1810,user1810@example.com,PREMIUM
C01811,Customer_1811,user1811@example.com,PREMIUM
C01812,Customer_1812,user1812@example.com,PREMIUM
C01813,Customer_1813,user1813@example.com,PREMIUM
C01814,Customer_1814,user1814@example.com,VIP
C01815,Customer_1815,user1815@example.com,NORMAL
C01816,Customer_1816,user1816@example.com,NORMAL
C01817,Customer_1817,user1817@example.com,PREMIUM
C01818,Customer_1818,user1818@example.com,NORMAL
C01819,Customer_1819,user1819@example.com,PREMIUM
C01820,Customer_1820,user1820@example.com,VIP
C01821,Customer_1821,user1821@example.com,VIP
C01822,Customer_1822,user1822@example.com,VIP
C01823,Customer_1823,user1823@example.com,VIP
C01824,Customer_1824,user1824@example.com,NORMAL
C01825,Customer_1825,user1825@example.com,NORMAL
C01826,Customer_1826,user1826@example.com,NORMAL
C01827,Customer_1827,user1827@example.com,PREMIUM
C01828,Customer_1828,user1828@example.com,NORMAL
C01829,Customer_1829,user1829@example.com,VIP
C01830,Customer_1830,user1830@example.com,VIP
C01831,Customer_1831,user1831@example.com,NORMAL
C01832,Customer_1832,user1832@example.com,VIP
C01833,Customer_1833,user1833@example.com,VIP
C01834,Customer_1834,user1834@example.com,VIP
C01835,Customer_1835,user1835@example.com,PREMIUM
C01836,Customer_1836,user1836@example.com,PREMIUM
C01837,Customer_1837,user1837@example.com,NORMAL
C01838,Customer_1838,user1838@example.com,VIP
C01839,Customer_1839,user1839@example.com,NORMAL
C01840,Customer_1840,user1840@example.com,NORMAL
C01841,Customer_1841,user1841@example.com,NORMAL
C01842,Customer_1842,user1842@example.com,VIP
C01843,Customer_1843,user1843@example.com,PREMIUM
C01844,Customer_1844,user1844@example.com,PREMIUM
C01845,Customer_1845,user1845@example.com,NORMAL
C01846,Customer_1846,user1846@example.com,VIP
C01847,Customer_1847,user1847@example.com,VIP
C01848,Customer_1848,user1848@example.com,VIP
C01849,Customer_1849,user1849@example.com,PREMIUM
C01850,Customer_1850,user1850@example.com,VIP
C01851,Customer_1851,user1851@example.com,NORMAL
C01852,Customer_1852,user1852@example.com,PREMIUM
C01853,Customer_1853,user1853@example.com,NORMAL
C01854,Customer_1854,user1854@example.com,VIP
C01855,Customer_1855,user1855@example.com,NORMAL
C01856,Customer_1856,user1856@example.com,PREMIUM
C01857,Customer_1857,user1857@example.com,PREMIUM
C01858,Customer_1858,user1858@example.com,VIP
C01859,Customer_1859,user1859@example.com,NORMAL
C01860,Customer_1860,user1860@example.com,VIP
C01861,Customer_1861,user1861@example.com,VIP
C01862,Customer_1862,user1862@example.com,PREMIUM
C01863,Customer_1863,user1863@example.com,VIP
C01864,Customer_1864,user1864@example.com,PREMIUM
C01865,Customer_1865,user1865@example.com,NORMAL
C01866,Customer_1866,user1866@example.com,VIP
C01867,Customer_1867,user1867@example.com,PREMIUM
C01868,Customer_1868,user1868@example.com,PREMIUM
C01869,Customer_1869,user1869@example.com,NORMAL
C01870,Customer_1870,user1870@example.com,VIP
C01871,Customer_1871,user1871@example.com,PREMIUM
C01872,Customer_1872,user1872@example.com,NORMAL
C01873,Customer_1873,user1873@example.com,VIP
C01874,Customer_1874,user1874@example.com,VIP
C01875,Customer_1875,user1875@example.com,VIP
C01876,Customer_1876,user1876@example.com,NORMAL
C01877,Customer_1877,user1877@example.com,VIP
C01878,Customer_1878,user1878@example.com,PREMIUM
C01879,Customer_1879,user1879@example.com,NORMAL
C01880,Customer_1880,user1880@example.com,NORMAL
C01881,Customer_1881,user1881@example.com,NORMAL
C01882,Customer_1882,user1882@example.com,NORMAL
C01883,Customer_1883,user1883@example.com,NORMAL
C01884,Customer_1884,user1884@example.com,NORMAL
C01885,Customer_1885,user1885@example.com,PREMIUM
C01886,Customer_1886,user1886@example.com,PREMIUM
C01887,Customer_1887,user1887@example.com,PREMIUM
C01888,Customer_1888,user1888@example.com,VIP
C01889,Customer_1889,user1889@example.com,VIP
C01890,Customer_1890,user1890@example.com,PREMIUM
C01891,Customer_1891,user1891@example.com,VIP
C01892,Customer_1892,user1892@example.com,VIP
C01893,Customer_1893,user1893@example.com,VIP
C01894,Customer_1894,user1894@example.com,VIP
C01895,Customer_1895,user1895@example.com,NORMAL
C01896,Customer_1896,user1896@example.com,NORMAL
C01897,Customer_1897,user1897@example.com,VIP
C01898,Customer_1898,user1898@example.com,PREMIUM
C01899,Customer_1899,user1899@example.com,PREMIUM
C01900,Customer_1900,user1900@example.com,PREMIUM
C01901,Customer_1901,user1901@example.com,VIP
C01902,Customer_1902,user1902@example.com,NORMAL
C01903,Customer_1903,user1903@example.com,PREMIUM
C01904,Customer_1904,user1904@example.com,NORMAL
C01905,Customer_1905,user1905@example.com,PREMIUM
C01906,Customer_1906,user1906@example.com,NORMAL
C01907,Customer_1907,user1907@example.com,VIP
C01908,Customer_1908,user1908@example.com,PREMIUM
C01909,Customer_1909,user1909@example.com,VIP
C01910,Customer_1910,user1910@example.com,PREMIUM
C01911,Customer_1911,user1911@example.com,NORMAL
C01912,Customer_1912,user1912@example.com,PREMIUM
C01913,Customer_1913,user1913@example.com,PREMIUM
C01914,Customer_1914,user1914@example.com,NORMAL
C01915,Customer_1915,user1915@example.com,NORMAL
C01916,Customer_1916,user1916@example.com,PREMIUM
C01917,Customer_1917,user1917@example.com,PREMIUM
C01918,Customer_1918,user1918@example.com,VIP
C01919,Customer_1919,user1919@example.com,PREMIUM
C01920,Customer_1920,user1920@example.com,VIP
C01921,Customer_1921,user1921@example.com,VIP
C01922,Customer_1922,user1922@example.com,PREMIUM
C01923,Customer_1923,user1923@example.com,PREMIUM
C01924,Customer_1924,user1924@example.com,PREMIUM
C01925,Customer_1925,user1925@example.com,VIP
C01926,Customer_1926,user1926@example.com,VIP
C01927,Customer_1927,user1927@example.com,VIP
C01928,Customer_1928,user1928@example.com,PREMIUM
C01929,Customer_1929,user1929@example.com,PREMIUM
C01930,Customer_1930,user1930@example.com,NORMAL
C01931,Customer_1931,user1931@example.com,PREMIUM
C01932,Customer_1932,user1932@example.com,VIP
C01933,Customer_1933,user1933@example.com,VIP
C01934,Customer_1934,user1934@example.com,VIP
C01935,Customer_1935,user1935@example.com,NORMAL
C01936,Customer_1936,user1936@example.com,VIP
C01937,Customer_1937,user1937@example.com,NORMAL
C01938,Customer_1938,user1938@example.com,VIP
C01939,Customer_1939,user1939@example.com,VIP
C01940,Customer_1940,user1940@example.com,VIP
C01941,Customer_1941,user1941@example.com,NORMAL
C01942,Customer_1942,user1942@example.com,PREMIUM
C01943,Customer_1943,user1943@example.com,VIP
C01944,Customer_1944,user1944@example.com,NORMAL
C01945,Customer_1945,user1945@example.com,NORMAL
C01946,Customer_1946,user1946@example.com,PREMIUM
C01947,Customer_1947,user1947@example.com,NORMAL
C01948,Customer_1948,user1948@example.com,NORMAL
C01949,Customer_1949,user1949@example.com,VIP
C01950,Customer_1950,user1950@example.com,PREMIUM
C01951,Customer_1951,user1951@example.com,NORMAL
C01952,Customer_1952,user1952@example.com,NORMAL
C01953,Customer_1953,user1953@example.com,NORMAL
C01954,Customer_1954,user1954@example.com,NORMAL
C01955,Customer_1955,user1955@example.com,NORMAL
C01956,Customer_1956,user1956@example.com,VIP
C01957,Customer_1957,user1957@example.com,PREMIUM
C01958,Customer_1958,user1958@example.com,NORMAL
C01959,Customer_1959,user1959@example.com,PREMIUM
C01960,Customer_1960,user1960@example.com,VIP
C01961,Customer_1961,user1961@example.com,VIP
C01962,Customer_1962,user1962@example.com,NORMAL
C01963,Customer_1963,user1963@example.com,PREMIUM
C01964,Customer_1964,user1964@example.com,NORMAL
C01965,Customer_1965,user1965@example.com,NORMAL
C01966,Customer_1966,user1966@example.com,VIP
C01967,Customer_1967,user1967@example.com,NORMAL
C01968,Customer_1968,user1968@example.com,VIP
C01969,Customer_1969,user1969@example.com,PREMIUM
C01970,Customer_1970,user1970@example.com,NORMAL
C01971,Customer_1971,user1971@example.com,NORMAL
C01972,Customer_1972,user1972@example.com,NORMAL
C01973,Customer_1973,user1973@example.com,NORMAL
C01974,Customer_1974,user1974@example.com,NORMAL
C01975,Customer_1975,user1975@example.com,VIP
C01976,Customer_1976,user1976@example.com,VIP
C01977,Customer_1977,user1977@example.com,PREMIUM
C01978,Customer_1978,user1978@example.com,VIP
C01979,Customer_1979,user1979@example.com,VIP
C01980,Customer_1980,user1980@example.com,PREMIUM
C01981,Customer_1981,user1981@example.com,PREMIUM
C01982,Customer_1982,user1982@example.com,NORMAL
C01983,Customer_1983,user1983@example.com,NORMAL
C01984,Customer_1984,user1984@example.com,PREMIUM
C01985,Customer_1985,user1985@example.com,NORMAL
C01986,Customer_1986,user1986@example.com,PREMIUM
C01987,Customer_1987,user1987@example.com,PREMIUM
C01988,Customer_1988,user1988@example.com,PREMIUM
C01989,Customer_1989,user1989@example.com,VIP
C01990,Customer_1990,user1990@example.com,VIP
C01991,Customer_1991,user1991@example.com,PREMIUM
C01992,Customer_1992,user1992@example.com,NORMAL
C01993,Customer_1993,user1993@example.com,NORMAL
C01994,Customer_1994,user1994@example.com,VIP
C01995,Customer_1995,user1995@example.com,PREMIUM
C01996,Customer_1996,user1996@example.com,NORMAL
C01997,Customer_1997,user1997@example.com,PREMIUM
C01998,Customer_1998,user1998@example.com,PREMIUM
C01999,Customer_1999,user1999@example.com,VIP
C02000,Customer_2000,user2000@example.com,VIP

